timestamp,machine_id,operator_id,machine_model,engine_hours,engine_rpm,engine_load_pct,coolant_temp_c,oil_pressure_bar,oil_temperature_c,fuel_level_l,fuel_consumed_l,fuel_rate_l_hr,idle_time_min,operating_time_min,speed_kmh,distance_km,cycle_count,cycle_time_sec,payload_tonnes,bucket_load_tonnes,load_count,hydraulic_pressure_bar,hydraulic_temp_c,transmission_temp_c,battery_voltage_v,seatbelt_status,proximity_alert,overspeed_alert,unsafe_operation,fault_code,machine_status,site_id,latitude,longitude
2026-01-01 00:00:00,EXC001,OP1002,320 GC,1909.58,703.0,14.0,82.1,3.09,89.6,316.2,23535.9,3.28,5.0,0.0,0.0,763.83,66835,0.0,0.0,0.0,60151,121.9,56.9,62.4,27.66,True,False,False,False,NONE,IDLE,SITE_QUARRY_NORTH,41.52294,-88.082277
2026-01-01 00:00:00,EXC002,OP1004,323,10362.26,703.0,16.2,84.9,2.97,91.5,268.9,149735.0,3.83,5.0,0.0,0.0,4144.9,362679,0.0,0.0,0.0,326411,119.4,61.8,60.7,28.08,True,False,False,False,NONE,IDLE,SITE_METRO_EXPANSION,41.878503,-87.629601
2026-01-01 00:00:00,EXC004,OP1006,323,4838.18,695.0,15.0,83.3,2.8,89.8,311.1,69912.1,3.67,5.0,0.0,0.0,1935.27,169336,0.0,0.0,0.0,152402,119.1,59.2,63.7,27.73,True,False,False,False,NONE,IDLE,SITE_QUARRY_NORTH,41.52446,-88.082939
2026-01-01 00:00:00,EXC005,OP1008,320 GC,6863.38,726.0,14.1,82.7,3.0,88.0,309.7,84591.5,3.3,5.0,0.0,0.0,2745.35,240218,0.0,0.0,0.0,216196,126.8,62.1,60.7,27.78,True,False,False,False,NONE,IDLE,SITE_METRO_EXPANSION,41.8792,-87.629704
2026-01-01 00:00:00,EXC007,OP1010,336,9415.63,743.0,12.6,83.3,3.06,90.0,335.7,192079.3,5.48,5.0,0.0,0.0,3766.25,329547,0.0,0.0,0.0,296592,118.0,60.8,63.5,27.88,True,False,False,False,NONE,IDLE,SITE_QUARRY_NORTH,41.521814,-88.082922
2026-01-01 00:00:00,EXC008,OP1012,320 GC,8905.68,784.0,12.4,83.5,3.02,90.7,355.5,109762.7,3.17,5.0,0.0,0.0,3562.27,311698,0.0,0.0,0.0,280528,109.1,60.9,62.3,28.41,True,False,False,False,NONE,IDLE,SITE_HIGHWAY_CORRIDOR,41.3331,-88.839269
2026-01-01 00:00:00,EXC009,OP1014,336,1608.67,705.0,13.2,80.1,3.08,88.2,378.5,32817.4,5.19,5.0,0.0,0.0,643.47,56303,0.0,0.0,0.0,50672,119.4,59.5,58.5,27.75,True,False,False,False,NONE,IDLE,SITE_QUARRY_NORTH,41.522306,-88.082359
2026-01-01 00:00:00,LOD001,OP1001,950 GC,9011.01,707.0,13.4,82.2,2.9,89.3,249.5,118720.3,3.41,5.0,0.0,0.0,19824.22,315385,0.0,0.0,0.0,283846,126.1,60.3,62.7,27.79,True,False,False,False,NONE,IDLE,SITE_HIGHWAY_CORRIDOR,41.332246,-88.841526
2026-01-01 00:00:00,LOD002,OP1003,966,7392.86,701.0,14.5,82.5,3.03,90.4,280.8,138246.8,4.81,5.0,0.0,0.0,16264.28,258749,0.0,0.0,0.0,232874,121.5,59.6,63.3,27.9,True,False,False,False,NONE,IDLE,SITE_HIGHWAY_CORRIDOR,41.329226,-88.840994
2026-01-01 00:00:00,LOD003,OP1005,950 GC,10838.77,1834.0,73.7,91.0,4.1,104.5,325.1,142800.9,15.01,0.0,5.0,1.6,23845.24,379356,39.3,13.7,3.79,341418,299.0,71.4,63.3,27.91,True,False,False,False,NONE,OPERATING,SITE_METRO_EXPANSION,41.878974,-87.627501
2026-01-01 00:05:00,EXC001,OP1002,320 GC,1909.58,713.0,13.1,81.7,3.05,89.4,316.0,23536.1,3.25,5.0,0.0,0.0,763.83,66835,0.0,0.0,0.0,60151,128.6,57.2,61.4,27.7,True,False,False,False,NONE,IDLE,SITE_QUARRY_NORTH,41.524355,-88.082171
2026-01-01 00:05:00,EXC002,OP1004,323,10362.26,738.0,11.6,83.2,2.95,89.6,268.6,149735.3,3.69,5.0,0.0,0.0,4144.9,362679,0.0,0.0,0.0,326411,121.2,60.5,62.6,27.61,True,False,False,False,NONE,IDLE,SITE_METRO_EXPANSION,41.87919,-87.631235
2026-01-01 00:05:00,EXC004,OP1006,323,4838.18,695.0,11.0,81.5,2.97,86.2,310.7,69912.4,3.97,5.0,0.0,0.0,1935.27,169336,0.0,0.0,0.0,152402,114.8,59.7,61.4,27.68,True,False,False,False,NONE,IDLE,SITE_QUARRY_NORTH,41.521214,-88.081427
2026-01-01 00:05:00,EXC005,OP1008,320 GC,6863.38,703.0,13.8,84.1,2.8,91.3,309.4,84591.7,3.14,5.0,0.0,0.0,2745.35,240218,0.0,0.0,0.0,216196,121.3,60.0,64.1,28.18,True,False,False,False,NONE,IDLE,SITE_METRO_EXPANSION,41.87773,-87.62958
2026-01-01 00:05:00,EXC007,OP1010,336,9415.63,731.0,13.2,82.1,2.91,91.5,335.2,192079.7,5.14,5.0,0.0,0.0,3766.25,329547,0.0,0.0,0.0,296592,119.6,60.2,62.1,27.69,True,False,False,False,NONE,IDLE,SITE_QUARRY_NORTH,41.521887,-88.082144
2026-01-01 00:05:00,EXC008,OP1012,320 GC,8905.68,670.0,14.0,82.6,2.83,89.6,355.3,109763.0,3.15,5.0,0.0,0.0,3562.27,311698,0.0,0.0,0.0,280528,121.6,59.6,62.2,28.13,True,False,False,False,NONE,IDLE,SITE_HIGHWAY_CORRIDOR,41.331858,-88.843218
2026-01-01 00:05:00,EXC009,OP1014,336,1608.76,1933.0,66.8,87.0,4.35,98.4,376.7,32819.1,21.47,0.0,5.0,1.7,643.61,56305,29.8,15.4,7.5,50672,291.3,67.0,67.6,27.37,True,False,False,False,NONE,OPERATING,SITE_QUARRY_NORTH,41.521395,-88.083052
2026-01-01 00:05:00,LOD001,OP1001,950 GC,9011.01,705.0,15.2,83.9,2.8,91.0,249.2,118720.6,3.51,5.0,0.0,0.0,19824.22,315385,0.0,0.0,0.0,283846,123.0,60.7,63.3,27.67,True,False,False,False,NONE,IDLE,SITE_HIGHWAY_CORRIDOR,41.336241,-88.839738
2026-01-01 00:05:00,LOD002,OP1003,966,7392.86,738.0,15.1,81.9,3.02,90.6,280.4,138247.2,5.13,5.0,0.0,0.0,16264.28,258749,0.0,0.0,0.0,232874,123.7,58.8,60.1,27.84,True,False,False,False,NONE,IDLE,SITE_HIGHWAY_CORRIDOR,41.333721,-88.842136
2026-01-01 00:05:00,LOD003,OP1005,950 GC,10838.77,743.0,17.4,84.3,2.97,92.1,324.8,142801.2,3.61,5.0,0.0,0.0,23845.24,379356,0.0,0.0,0.0,341418,123.9,61.7,63.1,28.13,True,False,False,False,NONE,IDLE,SITE_METRO_EXPANSION,41.877707,-87.629257
2026-01-01 00:10:00,EXC001,OP1002,320 GC,1909.58,735.0,15.3,81.1,3.05,88.9,315.7,23536.4,3.25,5.0,0.0,0.0,763.83,66835,0.0,0.0,0.0,60151,120.9,58.7,62.3,28.07,True,False,False,False,NONE,IDLE,SITE_QUARRY_NORTH,41.523347,-88.081053
2026-01-01 00:10:00,EXC002,OP1004,323,10362.26,706.0,15.9,83.2,2.74,91.6,268.2,149735.6,3.77,5.0,0.0,0.0,4144.9,362679,0.0,0.0,0.0,326411,123.8,64.2,60.9,27.98,True,False,False,False,NONE,IDLE,SITE_METRO_EXPANSION,41.87757,-87.629572
2026-01-01 00:10:00,EXC004,OP1006,323,4838.18,728.0,14.0,81.0,3.05,87.9,310.4,69912.7,3.8,5.0,0.0,0.0,1935.27,169336,0.0,0.0,0.0,152402,118.2,60.3,60.0,27.64,True,False,False,False,NONE,IDLE,SITE_QUARRY_NORTH,41.525078,-88.082545
2026-01-01 00:10:00,EXC005,OP1008,320 GC,6863.47,1905.0,71.2,89.2,4.13,104.8,308.2,84592.9,14.18,0.0,5.0,1.2,2745.45,240219,34.0,15.3,4.05,216197,288.8,70.4,66.2,27.92,True,False,False,False,NONE,OPERATING,SITE_METRO_EXPANSION,41.878589,-87.629404
2026-01-01 00:10:00,EXC007,OP1010,336,9415.63,732.0,15.7,83.2,3.04,90.5,334.8,192080.2,5.43,5.0,0.0,0.0,3766.25,329547,0.0,0.0,0.0,296592,119.7,62.8,61.9,28.08,True,False,False,False,NONE,IDLE,SITE_QUARRY_NORTH,41.521259,-88.082771
2026-01-01 00:10:00,EXC008,OP1012,320 GC,8905.68,736.0,16.9,84.0,2.91,93.4,355.0,109763.3,3.27,5.0,0.0,0.0,3562.27,311698,0.0,0.0,0.0,280528,127.4,60.1,64.6,28.06,True,False,False,False,NONE,IDLE,SITE_HIGHWAY_CORRIDOR,41.333343,-88.842248
2026-01-01 00:10:00,EXC009,OP1014,336,1608.76,721.0,11.0,80.9,3.04,88.2,376.3,32819.6,5.31,5.0,0.0,0.0,643.61,56305,0.0,0.0,0.0,50672,120.1,56.6,61.1,27.98,True,False,False,False,NONE,IDLE,SITE_QUARRY_NORTH,41.521006,-88.081539
2026-01-01 00:10:00,LOD001,OP1001,950 GC,9011.01,704.0,11.2,82.9,2.83,89.2,249.0,118720.9,3.54,5.0,0.0,0.0,19824.22,315385,0.0,0.0,0.0,283846,121.8,59.6,62.0,27.7,True,False,False,False,NONE,IDLE,SITE_HIGHWAY_CORRIDOR,41.333465,-88.841394
2026-01-01 00:10:00,LOD002,OP1003,966,7392.86,720.0,14.2,83.1,2.99,90.4,279.9,138247.6,4.89,5.0,0.0,0.0,16264.28,258749,0.0,0.0,0.0,232874,115.5,59.1,59.9,27.85,True,False,False,False,NONE,IDLE,SITE_HIGHWAY_CORRIDOR,41.331134,-88.841543
2026-01-01 00:10:00,LOD003,OP1005,950 GC,10838.77,700.0,13.8,85.2,2.88,92.2,324.6,142801.5,3.45,5.0,0.0,0.0,23845.24,379356,0.0,0.0,0.0,341418,121.4,62.8,62.5,28.09,True,False,False,False,NONE,IDLE,SITE_METRO_EXPANSION,41.880334,-87.630295
2026-01-01 00:15:00,EXC001,OP1002,320 GC,1909.67,1831.0,53.6,84.9,4.33,95.9,314.8,23537.4,11.33,0.0,5.0,4.4,764.2,66835,0.0,0.0,0.0,60151,164.7,64.7,80.6,27.81,True,False,False,False,NONE,TRAVELLING,SITE_QUARRY_NORTH,41.52164,-88.083379
2026-01-01 00:15:00,EXC002,OP1004,323,10362.34,1921.0,64.1,91.3,4.33,103.9,266.8,149737.0,17.15,0.0,5.0,0.8,4144.97,362682,35.6,10.4,5.83,326411,282.7,70.2,65.6,28.31,True,False,False,False,NONE,OPERATING,SITE_METRO_EXPANSION,41.880001,-87.629294
2026-01-01 00:15:00,EXC004,OP1006,323,4838.18,738.0,13.0,82.7,2.94,91.2,310.1,69913.0,3.82,5.0,0.0,0.0,1935.27,169336,0.0,0.0,0.0,152402,120.0,59.5,59.5,27.73,True,False,False,False,NONE,IDLE,SITE_QUARRY_NORTH,41.521106,-88.081783
2026-01-01 00:15:00,EXC005,OP1008,320 GC,6863.47,724.0,13.6,83.3,2.86,88.9,307.9,84593.2,3.39,5.0,0.0,0.0,2745.45,240219,0.0,0.0,0.0,216197,119.7,61.0,61.2,28.17,True,False,False,False,NONE,IDLE,SITE_METRO_EXPANSION,41.876482,-87.630626
2026-01-01 00:15:00,EXC007,OP1010,336,9415.63,726.0,13.9,84.3,3.01,91.4,334.3,192080.6,5.59,5.0,0.0,0.0,3766.25,329547,0.0,0.0,0.0,296592,123.2,60.6,61.2,27.21,True,False,False,False,NONE,IDLE,SITE_QUARRY_NORTH,41.523227,-88.078321
2026-01-01 00:15:00,EXC008,OP1012,320 GC,8905.68,730.0,17.3,84.3,2.97,91.7,354.7,109763.6,3.36,5.0,0.0,0.0,3562.27,311698,0.0,0.0,0.0,280528,121.5,62.7,60.6,28.22,True,False,False,False,NONE,IDLE,SITE_HIGHWAY_CORRIDOR,41.33232,-88.839092
2026-01-01 00:15:00,EXC009,OP1014,336,1608.76,723.0,10.7,81.0,3.16,88.2,375.8,32820.0,5.41,5.0,0.0,0.0,643.61,56305,0.0,0.0,0.0,50672,125.4,56.5,61.7,27.8,True,False,False,False,NONE,IDLE,SITE_QUARRY_NORTH,41.523518,-88.081958
2026-01-01 00:15:00,LOD001,OP1001,950 GC,9011.09,1733.0,52.9,88.6,4.27,99.8,248.0,118721.9,11.94,0.0,5.0,29.3,19826.66,315385,0.0,12.0,0.0,283846,166.4,67.3,80.6,27.51,True,False,False,False,NONE,TRAVELLING,SITE_HIGHWAY_CORRIDOR,41.332283,-88.843601
2026-01-01 00:15:00,LOD002,OP1003,966,7392.86,729.0,14.5,82.8,2.9,89.9,279.5,138248.1,4.92,5.0,0.0,0.0,16264.28,258749,0.0,0.0,0.0,232874,122.5,59.7,59.6,27.89,True,False,False,False,NONE,IDLE,SITE_HIGHWAY_CORRIDOR,41.330623,-88.840718
2026-01-01 00:15:00,LOD003,OP1005,950 GC,10838.77,682.0,13.7,83.8,2.78,91.6,324.3,142801.8,3.63,5.0,0.0,0.0,23845.24,379356,0.0,0.0,0.0,341418,119.9,60.3,61.1,27.88,True,False,False,False,NONE,IDLE,SITE_METRO_EXPANSION,41.878543,-87.632298
2026-01-01 00:20:00,EXC001,OP1002,320 GC,1909.67,711.0,15.4,82.1,3.05,89.3,314.5,23537.6,3.22,5.0,0.0,0.0,764.2,66835,0.0,0.0,0.0,60151,117.4,57.6,61.5,27.6,True,False,False,False,NONE,IDLE,SITE_QUARRY_NORTH,41.522437,-88.081981
2026-01-01 00:20:00,EXC002,OP1004,323,10362.34,727.0,14.8,83.9,2.84,91.4,266.5,149737.4,3.98,5.0,0.0,0.0,4144.97,362682,0.0,0.0,0.0,326411,118.4,63.5,62.8,27.55,True,False,False,False,NONE,IDLE,SITE_METRO_EXPANSION,41.877214,-87.630176
2026-01-01 00:20:00,EXC004,OP1006,323,4838.18,694.0,14.2,83.7,2.91,90.6,309.8,69913.3,3.74,5.0,0.0,0.0,1935.27,169336,0.0,0.0,0.0,152402,115.5,58.6,61.4,28.05,True,False,False,False,NONE,IDLE,SITE_QUARRY_NORTH,41.524891,-88.084255
2026-01-01 00:20:00,EXC005,OP1008,320 GC,6863.47,708.0,15.2,83.4,2.78,89.4,307.7,84593.5,3.2,5.0,0.0,0.0,2745.45,240219,0.0,0.0,0.0,216197,119.5,60.7,61.0,27.89,True,False,False,False,NONE,IDLE,SITE_METRO_EXPANSION,41.877523,-87.630939
2026-01-01 00:20:00,EXC007,OP1010,336,9415.71,2083.0,85.9,91.9,4.35,108.1,332.0,192082.9,27.54,0.0,5.0,0.2,3766.27,329551,38.1,23.3,9.37,296593,318.6,72.0,61.3,27.88,True,False,False,False,NONE,LOADING,SITE_QUARRY_NORTH,41.524864,-88.081115
2026-01-01 00:20:00,EXC008,OP1012,320 GC,8905.68,737.0,15.4,82.3,2.92,89.9,354.4,109763.8,3.34,5.0,0.0,0.0,3562.27,311698,0.0,0.0,0.0,280528,121.4,60.0,61.4,27.93,True,False,False,False,NONE,IDLE,SITE_HIGHWAY_CORRIDOR,41.332336,-88.843103
2026-01-01 00:20:00,EXC009,OP1014,336,1608.76,751.0,15.0,82.4,3.06,90.7,375.4,32820.5,5.41,5.0,0.0,0.0,643.61,56305,0.0,0.0,0.0,50672,129.3,59.1,62.6,27.73,True,False,False,False,NONE,IDLE,SITE_QUARRY_NORTH,41.523617,-88.081331
2026-01-01 00:20:00,LOD001,OP1001,950 GC,9011.09,749.0,17.0,82.8,3.03,89.7,247.7,118722.2,3.68,5.0,0.0,0.0,19826.66,315385,0.0,0.0,0.0,283846,110.1,60.2,62.2,28.24,True,False,False,False,NONE,IDLE,SITE_HIGHWAY_CORRIDOR,41.332077,-88.840907
2026-01-01 00:20:00,LOD002,OP1003,966,7392.86,693.0,13.9,83.9,2.82,91.2,279.1,138248.5,5.06,5.0,0.0,0.0,16264.28,258749,0.0,0.0,0.0,232874,114.2,57.8,63.3,27.74,True,False,False,False,NONE,IDLE,SITE_HIGHWAY_CORRIDOR,41.334074,-88.840012
2026-01-01 00:20:00,LOD003,OP1005,950 GC,10838.77,725.0,12.3,82.7,2.94,89.4,324.0,142802.1,3.63,5.0,0.0,0.0,23845.24,379356,0.0,0.0,0.0,341418,118.8,62.7,61.4,27.77,True,False,False,False,NONE,IDLE,SITE_METRO_EXPANSION,41.877497,-87.627571
2026-01-01 00:25:00,EXC001,OP1002,320 GC,1909.75,2079.0,83.5,90.9,4.62,104.9,313.2,23538.9,14.88,0.0,5.0,0.5,764.24,66837,30.6,13.3,5.48,60152,302.1,68.6,62.9,27.82,True,False,False,False,NONE,LOADING,SITE_QUARRY_NORTH,41.523285,-88.082891
2026-01-01 00:25:00,EXC002,OP1004,323,10362.34,763.0,10.1,83.0,3.0,88.2,266.2,149737.7,3.77,5.0,0.0,0.0,4144.97,362682,0.0,0.0,0.0,326411,112.1,62.4,60.9,27.96,True,False,False,False,NONE,IDLE,SITE_METRO_EXPANSION,41.879137,-87.631268
2026-01-01 00:25:00,EXC004,OP1006,323,4838.18,711.0,16.5,83.8,2.81,90.8,309.5,69913.7,3.73,5.0,0.0,0.0,1935.27,169336,0.0,0.0,0.0,152402,126.4,60.1,61.5,27.63,True,False,False,False,NONE,IDLE,SITE_QUARRY_NORTH,41.524736,-88.081118
2026-01-01 00:25:00,EXC005,OP1008,320 GC,6863.55,1874.0,73.4,90.3,4.15,103.9,306.4,84594.7,14.83,0.0,5.0,0.8,2745.52,240221,31.7,10.9,4.37,216198,288.9,70.1,65.0,27.83,True,False,False,False,NONE,OPERATING,SITE_METRO_EXPANSION,41.877424,-87.629519
2026-01-01 00:25:00,EXC007,OP1010,336,9415.8,2051.0,88.7,92.7,4.38,105.8,329.6,192085.4,29.36,0.0,5.0,1.1,3766.36,329558,35.3,22.4,8.57,296594,308.0,73.4,67.2,27.45,True,False,False,False,NONE,LOADING,SITE_QUARRY_NORTH,41.525878,-88.081267
2026-01-01 00:25:00,EXC008,OP1012,320 GC,8905.68,723.0,15.2,83.6,2.88,91.0,354.2,109764.1,3.25,5.0,0.0,0.0,3562.27,311698,0.0,0.0,0.0,280528,120.0,61.0,60.7,27.89,True,False,False,False,NONE,IDLE,SITE_HIGHWAY_CORRIDOR,41.333609,-88.83908
2026-01-01 00:25:00,EXC009,OP1014,336,1608.84,2089.0,88.1,89.9,4.6,104.1,373.2,32822.7,26.69,0.0,5.0,1.0,643.69,56307,32.9,22.1,8.34,50673,314.8,67.5,64.9,28.13,True,False,False,False,NONE,LOADING,SITE_QUARRY_NORTH,41.52202,-88.082486
2026-01-01 00:25:00,LOD001,OP1001,950 GC,9011.09,703.0,13.9,84.0,2.92,92.5,247.4,118722.5,3.39,5.0,0.0,0.0,19826.66,315385,0.0,0.0,0.0,283846,112.6,59.3,62.1,27.66,True,False,False,False,NONE,IDLE,SITE_HIGHWAY_CORRIDOR,41.332684,-88.841393
2026-01-01 00:25:00,LOD002,OP1003,966,7392.86,683.0,11.8,82.6,2.84,89.2,278.7,138248.9,4.88,5.0,0.0,0.0,16264.28,258749,0.0,0.0,0.0,232874,123.6,58.6,62.6,27.9,True,False,False,False,NONE,IDLE,SITE_HIGHWAY_CORRIDOR,41.331184,-88.841443
2026-01-01 00:25:00,LOD003,OP1005,950 GC,10838.77,724.0,12.4,84.4,2.82,93.6,323.7,142802.4,3.59,5.0,0.0,0.0,23845.24,379356,0.0,0.0,0.0,341418,126.4,60.9,61.6,27.85,True,False,False,False,NONE,IDLE,SITE_METRO_EXPANSION,41.877408,-87.631885
2026-01-01 00:30:00,EXC001,OP1002,320 GC,1909.83,2129.0,93.1,90.0,4.55,104.7,311.9,23540.3,16.65,0.0,5.0,0.2,764.26,66840,32.9,14.5,5.88,60153,315.4,69.1,63.6,27.84,True,False,False,False,NONE,LOADING,SITE_QUARRY_NORTH,41.524006,-88.079005
2026-01-01 00:30:00,EXC002,OP1004,323,10362.43,1853.0,72.7,92.3,3.97,104.5,264.8,149739.1,16.76,0.0,5.0,0.5,4145.01,362683,31.9,11.7,4.23,326412,293.9,71.8,62.3,27.86,True,False,False,False,NONE,OPERATING,SITE_METRO_EXPANSION,41.87821,-87.629469
2026-01-01 00:30:00,EXC004,OP1006,323,4838.18,726.0,16.0,82.9,3.0,91.1,309.2,69914.0,3.81,5.0,0.0,0.0,1935.27,169336,0.0,0.0,0.0,152402,123.7,58.5,62.0,28.14,True,False,False,False,NONE,IDLE,SITE_QUARRY_NORTH,41.522841,-88.081326
2026-01-01 00:30:00,EXC005,OP1008,320 GC,6863.63,1942.0,77.5,91.1,4.45,104.6,305.2,84595.9,14.66,0.0,5.0,0.7,2745.58,240223,33.8,11.9,4.24,216199,296.7,72.2,65.1,27.78,True,False,False,False,NONE,OPERATING,SITE_METRO_EXPANSION,41.87709,-87.632498
2026-01-01 00:30:00,EXC007,OP1010,336,9415.8,708.0,12.4,84.8,2.8,92.0,329.1,192085.8,5.45,5.0,0.0,0.0,3766.36,329558,0.0,0.0,0.0,296594,118.0,61.1,63.9,27.74,True,False,False,False,NONE,IDLE,SITE_QUARRY_NORTH,41.521981,-88.078078
2026-01-01 00:30:00,EXC008,OP1012,320 GC,8905.68,739.0,14.4,83.0,2.95,89.4,353.9,109764.4,3.17,5.0,0.0,0.0,3562.27,311698,0.0,0.0,0.0,280528,125.0,59.0,63.7,27.5,True,False,False,False,NONE,IDLE,SITE_HIGHWAY_CORRIDOR,41.331745,-88.841677
2026-01-01 00:30:00,EXC009,OP1014,336,1608.92,2075.0,83.6,90.9,4.62,106.3,371.3,32824.6,23.03,0.0,5.0,1.7,643.84,56311,29.5,21.6,9.28,50674,311.8,67.2,68.5,27.79,True,False,False,False,NONE,LOADING,SITE_QUARRY_NORTH,41.524105,-88.085587
2026-01-01 00:30:00,LOD001,OP1001,950 GC,9011.17,2075.0,92.0,90.5,4.46,103.7,246.0,118723.8,16.29,0.0,5.0,1.1,19826.75,315392,42.5,14.6,4.81,283847,324.0,74.0,61.3,28.3,True,False,False,False,NONE,LOADING,SITE_HIGHWAY_CORRIDOR,41.333301,-88.843072
2026-01-01 00:30:00,LOD002,OP1003,966,7392.86,699.0,11.3,82.3,2.86,88.9,278.3,138249.3,4.75,5.0,0.0,0.0,16264.28,258749,0.0,0.0,0.0,232874,116.4,61.4,62.2,28.19,True,False,False,False,NONE,IDLE,SITE_HIGHWAY_CORRIDOR,41.331218,-88.838432
2026-01-01 00:30:00,LOD003,OP1005,950 GC,10838.85,1931.0,78.5,92.1,4.38,105.7,322.3,142803.8,16.08,0.0,5.0,0.7,23845.3,379360,42.1,12.5,5.42,341418,315.1,74.5,62.7,28.07,True,False,False,False,NONE,OPERATING,SITE_METRO_EXPANSION,41.879018,-87.630804
2026-01-01 00:35:00,EXC001,OP1002,320 GC,1909.92,2085.0,89.5,90.1,4.71,105.0,310.6,23541.6,15.54,0.0,5.0,0.2,764.27,66843,34.1,15.1,3.04,60154,314.8,70.6,62.2,27.6,True,False,False,False,NONE,LOADING,SITE_QUARRY_NORTH,41.522014,-88.080742
2026-01-01 00:35:00,EXC002,OP1004,323,10362.43,722.0,16.4,84.2,2.84,92.0,264.4,149739.4,3.82,5.0,0.0,0.0,4145.01,362683,0.0,0.0,0.0,326412,122.3,62.3,63.7,27.95,True,False,False,False,NONE,IDLE,SITE_METRO_EXPANSION,41.875611,-87.629926
2026-01-01 00:35:00,EXC004,OP1006,323,4838.27,2072.0,87.4,91.8,4.58,107.6,307.5,69915.7,20.19,0.0,5.0,0.2,1935.29,169339,34.5,17.9,6.85,152403,311.0,71.1,61.6,28.16,True,False,False,False,NONE,LOADING,SITE_QUARRY_NORTH,41.524337,-88.084023
2026-01-01 00:35:00,EXC005,OP1008,320 GC,6863.72,2118.0,83.4,92.8,4.48,105.7,303.9,84597.2,15.21,0.0,5.0,1.4,2745.7,240229,33.8,11.3,5.05,216200,294.2,72.7,67.7,27.96,True,False,False,False,NONE,LOADING,SITE_METRO_EXPANSION,41.876226,-87.632818
2026-01-01 00:35:00,EXC007,OP1010,336,9415.8,716.0,9.2,82.7,2.92,88.1,328.7,192086.3,5.59,5.0,0.0,0.0,3766.36,329558,0.0,0.0,0.0,296594,120.5,60.7,62.8,28.01,True,False,False,False,NONE,IDLE,SITE_QUARRY_NORTH,41.522108,-88.081564
2026-01-01 00:35:00,EXC008,OP1012,320 GC,8905.68,746.0,12.9,85.2,2.94,94.2,353.6,109764.7,3.35,5.0,0.0,0.0,3562.27,311698,0.0,0.0,0.0,280528,123.0,60.8,61.9,27.88,True,False,False,False,NONE,IDLE,SITE_HIGHWAY_CORRIDOR,41.333994,-88.841847
2026-01-01 00:35:00,EXC009,OP1014,336,1609.01,2064.0,85.4,90.2,4.63,105.0,369.1,32826.8,25.99,0.0,5.0,1.3,643.94,56317,32.1,25.1,9.93,50675,310.9,68.8,68.5,28.24,True,False,False,False,NONE,LOADING,SITE_QUARRY_NORTH,41.522839,-88.082723
2026-01-01 00:35:00,LOD001,OP1001,950 GC,9011.26,1764.0,52.9,86.6,4.11,98.1,245.1,118724.8,11.25,0.0,5.0,25.8,19828.9,315392,0.0,0.0,0.0,283847,173.1,67.1,79.1,27.74,True,False,False,False,NONE,TRAVELLING,SITE_HIGHWAY_CORRIDOR,41.331857,-88.841528
2026-01-01 00:35:00,LOD002,OP1003,966,7392.86,738.0,16.8,83.3,2.87,90.9,277.9,138249.7,4.78,5.0,0.0,0.0,16264.28,258749,0.0,0.0,0.0,232874,116.6,60.6,61.2,27.51,True,False,False,False,NONE,IDLE,SITE_HIGHWAY_CORRIDOR,41.33054,-88.840998
2026-01-01 00:35:00,LOD003,OP1005,950 GC,10838.85,724.0,11.5,83.1,2.94,90.0,322.0,142804.1,3.6,5.0,0.0,0.0,23845.3,379360,0.0,0.0,0.0,341418,111.4,62.9,62.2,27.87,True,False,False,False,NONE,IDLE,SITE_METRO_EXPANSION,41.876977,-87.629952
2026-01-01 00:40:00,EXC001,OP1002,320 GC,1910.0,2073.0,83.6,89.7,4.66,104.3,309.2,23542.9,16.04,0.0,5.0,1.6,764.41,66845,30.9,14.3,5.41,60155,309.1,68.4,69.7,28.01,True,False,False,False,NONE,LOADING,SITE_QUARRY_NORTH,41.521358,-88.079524
2026-01-01 00:40:00,EXC002,OP1004,323,10362.51,1798.0,57.1,90.4,4.12,103.1,263.2,149740.6,14.49,0.0,5.0,5.3,4145.45,362683,0.0,0.0,0.0,326412,180.4,70.0,82.2,28.23,True,False,True,False,NONE,TRAVELLING,SITE_METRO_EXPANSION,41.878848,-87.628942
2026-01-01 00:40:00,EXC004,OP1006,323,4838.27,725.0,14.8,82.9,3.04,90.9,307.2,69916.0,3.93,5.0,0.0,0.0,1935.29,169339,0.0,0.0,0.0,152403,124.1,60.4,62.0,27.71,True,False,False,False,NONE,IDLE,SITE_QUARRY_NORTH,41.523063,-88.080758
2026-01-01 00:40:00,EXC005,OP1008,320 GC,6863.72,698.0,13.1,83.2,2.87,90.7,303.7,84597.5,3.31,5.0,0.0,0.0,2745.7,240229,0.0,0.0,0.0,216200,118.1,62.6,63.4,27.91,True,False,False,False,NONE,IDLE,SITE_METRO_EXPANSION,41.878233,-87.631306
2026-01-01 00:40:00,EXC007,OP1010,336,9415.8,732.0,13.7,83.3,2.81,91.6,328.2,192086.7,5.5,5.0,0.0,0.0,3766.36,329558,0.0,0.0,0.0,296594,121.6,60.6,61.7,28.45,True,False,False,False,NONE,IDLE,SITE_QUARRY_NORTH,41.5249,-88.08244
2026-01-01 00:40:00,EXC008,OP1012,320 GC,8905.68,727.0,13.5,83.2,2.85,90.8,353.4,109764.9,3.08,5.0,0.0,0.0,3562.27,311698,0.0,0.0,0.0,280528,128.3,59.2,62.8,28.25,True,False,False,False,NONE,IDLE,SITE_HIGHWAY_CORRIDOR,41.332873,-88.838817
2026-01-01 00:40:00,EXC009,OP1014,336,1609.09,2102.0,93.2,91.8,4.58,107.5,366.8,32829.1,27.7,0.0,5.0,1.6,644.08,56323,32.3,22.4,8.34,50676,320.1,70.6,67.7,28.06,True,False,False,False,NONE,LOADING,SITE_QUARRY_NORTH,41.523797,-88.080879
2026-01-01 00:40:00,LOD001,OP1001,950 GC,9011.26,754.0,16.5,83.4,2.89,89.9,244.8,118725.1,3.49,5.0,0.0,0.0,19828.9,315392,0.0,0.0,0.0,283847,123.7,59.7,62.9,27.79,True,False,False,False,NONE,IDLE,SITE_HIGHWAY_CORRIDOR,41.332398,-88.84177
2026-01-01 00:40:00,LOD002,OP1003,966,7392.86,722.0,13.1,82.7,2.87,89.7,277.5,138250.1,4.92,5.0,0.0,0.0,16264.28,258749,0.0,0.0,0.0,232874,122.0,60.3,60.6,27.54,True,False,False,False,NONE,IDLE,SITE_HIGHWAY_CORRIDOR,41.334524,-88.839758
2026-01-01 00:40:00,LOD003,OP1005,950 GC,10838.85,706.0,12.6,84.0,2.82,93.1,321.7,142804.3,3.41,5.0,0.0,0.0,23845.3,379360,0.0,0.0,0.0,341418,117.2,62.0,61.3,27.84,True,False,False,False,NONE,IDLE,SITE_METRO_EXPANSION,41.877421,-87.630126
2026-01-01 00:45:00,EXC001,OP1002,320 GC,1910.0,749.0,13.2,80.7,3.03,88.7,309.0,23543.1,3.09,5.0,0.0,0.0,764.41,66845,0.0,0.0,0.0,60155,120.0,57.4,62.4,28.25,True,False,False,False,NONE,IDLE,SITE_QUARRY_NORTH,41.523773,-88.085075
2026-01-01 00:45:00,EXC002,OP1004,323,10362.59,1925.0,76.2,92.5,4.23,106.1,261.7,149742.1,18.19,0.0,5.0,1.1,4145.55,362685,35.4,16.1,5.38,326413,301.7,72.7,65.5,28.24,True,False,False,False,NONE,OPERATING,SITE_METRO_EXPANSION,41.877189,-87.630819
2026-01-01 00:45:00,EXC004,OP1006,323,4838.27,775.0,16.7,83.1,2.91,90.6,306.9,69916.3,3.74,5.0,0.0,0.0,1935.29,169339,0.0,0.0,0.0,152403,117.3,60.2,61.9,27.86,True,False,False,False,NONE,IDLE,SITE_QUARRY_NORTH,41.524797,-88.082068
2026-01-01 00:45:00,EXC005,OP1008,320 GC,6863.72,750.0,14.3,83.5,2.89,91.5,303.4,84597.7,3.25,5.0,0.0,0.0,2745.7,240229,0.0,0.0,0.0,216200,116.3,62.3,61.8,27.77,True,False,False,False,NONE,IDLE,SITE_METRO_EXPANSION,41.877972,-87.630561
2026-01-01 00:45:00,EXC007,OP1010,336,9415.8,726.0,12.9,83.1,2.76,92.5,327.8,192087.2,5.06,5.0,0.0,0.0,3766.36,329558,0.0,0.0,0.0,296594,117.0,61.1,60.7,28.07,True,False,False,False,NONE,IDLE,SITE_QUARRY_NORTH,41.52257,-88.079958
2026-01-01 00:45:00,EXC008,OP1012,320 GC,8905.76,1762.0,58.2,89.3,4.15,99.9,352.2,109766.1,13.94,0.0,5.0,4.7,3562.66,311698,0.0,12.8,0.0,280528,173.3,67.8,82.5,27.66,True,False,False,False,NONE,TRAVELLING,SITE_HIGHWAY_CORRIDOR,41.331126,-88.840742
2026-01-01 00:45:00,EXC009,OP1014,336,1609.17,2086.0,89.9,89.3,4.68,102.5,364.5,32831.4,27.68,0.0,5.0,1.7,644.22,56327,33.9,21.9,11.51,50677,319.8,69.1,68.9,27.97,True,True,False,False,NONE,LOADING,SITE_QUARRY_NORTH,41.523234,-88.082132
2026-01-01 00:45:00,LOD001,OP1001,950 GC,9011.26,711.0,15.3,83.7,2.88,90.5,244.5,118725.3,3.3,5.0,0.0,0.0,19828.9,315392,0.0,0.0,0.0,283847,120.0,60.4,62.1,27.92,True,False,False,False,NONE,IDLE,SITE_HIGHWAY_CORRIDOR,41.332004,-88.841948
2026-01-01 00:45:00,LOD002,OP1003,966,7392.86,719.0,12.8,82.1,2.73,89.7,277.1,138250.5,5.02,5.0,0.0,0.0,16264.28,258749,0.0,0.0,0.0,232874,119.6,58.7,63.5,28.05,True,False,False,False,NONE,IDLE,SITE_HIGHWAY_CORRIDOR,41.331918,-88.841682
2026-01-01 00:45:00,LOD003,OP1005,950 GC,10838.85,671.0,14.8,82.8,2.82,91.1,321.4,142804.6,3.53,5.0,0.0,0.0,23845.3,379360,0.0,0.0,0.0,341418,126.8,60.9,63.1,27.84,True,False,False,False,NONE,IDLE,SITE_METRO_EXPANSION,41.876859,-87.62883
2026-01-01 00:50:00,EXC001,OP1002,320 GC,1910.0,713.0,12.2,80.2,2.98,87.5,308.7,23543.4,3.29,5.0,0.0,0.0,764.41,66845,0.0,0.0,0.0,60155,118.7,58.3,62.6,28.23,True,False,False,False,NONE,IDLE,SITE_QUARRY_NORTH,41.522165,-88.082336
2026-01-01 00:50:00,EXC002,OP1004,323,10362.68,2043.0,82.4,93.0,4.37,107.4,260.2,149743.7,18.55,0.0,5.0,0.3,4145.57,362688,34.6,14.2,6.87,326414,294.4,72.8,64.3,27.44,True,False,False,False,NONE,LOADING,SITE_METRO_EXPANSION,41.876642,-87.628385
2026-01-01 00:50:00,EXC004,OP1006,323,4838.35,2080.0,95.9,92.0,4.41,107.6,305.0,69918.2,22.67,0.0,5.0,0.4,1935.32,169347,34.5,19.4,6.73,152404,326.7,73.7,64.7,28.14,True,False,False,False,NONE,LOADING,SITE_QUARRY_NORTH,41.522973,-88.081344
2026-01-01 00:50:00,EXC005,OP1008,320 GC,6863.8,1895.0,75.7,91.8,4.36,105.4,302.1,84599.0,15.17,0.0,5.0,1.6,2745.83,240231,32.8,11.1,4.55,216200,298.9,70.3,67.0,27.72,True,False,False,False,NONE,OPERATING,SITE_METRO_EXPANSION,41.877958,-87.630829
2026-01-01 00:50:00,EXC007,OP1010,336,9415.8,716.0,15.0,84.8,3.03,93.5,327.3,192087.7,5.8,5.0,0.0,0.0,3766.36,329558,0.0,0.0,0.0,296594,118.7,62.2,63.0,28.09,True,False,False,False,NONE,IDLE,SITE_QUARRY_NORTH,41.521315,-88.081835
2026-01-01 00:50:00,EXC008,OP1012,320 GC,8905.84,2032.0,85.0,92.3,4.34,106.1,350.7,109767.6,18.1,0.0,5.0,1.2,3562.76,311700,40.0,11.6,6.47,280529,307.7,73.1,68.0,28.07,True,False,False,False,NONE,LOADING,SITE_HIGHWAY_CORRIDOR,41.332834,-88.841817
2026-01-01 00:50:00,EXC009,OP1014,336,1609.26,2104.0,92.2,90.6,4.77,107.5,362.2,32833.7,27.12,0.0,5.0,0.2,644.24,56328,32.2,21.6,9.96,50678,324.4,69.2,63.0,27.8,True,False,False,False,NONE,LOADING,SITE_QUARRY_NORTH,41.52424,-88.081467
2026-01-01 00:50:00,LOD001,OP1001,950 GC,9011.26,707.0,15.2,81.1,2.85,89.1,244.2,118725.6,3.33,5.0,0.0,0.0,19828.9,315392,0.0,0.0,0.0,283847,115.4,61.3,61.6,28.2,True,False,False,False,NONE,IDLE,SITE_HIGHWAY_CORRIDOR,41.331821,-88.841377
2026-01-01 00:50:00,LOD002,OP1003,966,7392.86,755.0,15.3,83.2,2.96,89.0,276.7,138250.9,4.92,5.0,0.0,0.0,16264.28,258749,0.0,0.0,0.0,232874,126.5,60.1,63.0,28.21,True,False,False,False,NONE,IDLE,SITE_HIGHWAY_CORRIDOR,41.335512,-88.842387
2026-01-01 00:50:00,LOD003,OP1005,950 GC,10838.85,706.0,13.7,83.2,2.79,90.7,321.1,142804.9,3.59,5.0,0.0,0.0,23845.3,379360,0.0,0.0,0.0,341418,122.4,64.3,61.7,28.29,True,False,False,False,NONE,IDLE,SITE_METRO_EXPANSION,41.878801,-87.631197
2026-01-01 00:55:00,EXC001,OP1002,320 GC,1910.0,722.0,11.8,83.2,2.94,92.3,308.4,23543.7,3.22,5.0,0.0,0.0,764.41,66845,0.0,0.0,0.0,60155,118.9,56.0,61.3,27.98,True,False,False,False,NONE,IDLE,SITE_QUARRY_NORTH,41.522125,-88.082981
2026-01-01 00:55:00,EXC002,OP1004,323,10362.68,705.0,15.5,84.2,2.9,90.4,259.8,149744.0,4.03,5.0,0.0,0.0,4145.57,362688,0.0,0.0,0.0,326414,118.3,62.7,63.2,27.73,True,False,False,False,NONE,IDLE,SITE_METRO_EXPANSION,41.879898,-87.628802
2026-01-01 00:55:00,EXC004,OP1006,323,4838.35,707.0,12.3,81.6,2.99,89.6,304.6,69918.5,3.94,5.0,0.0,0.0,1935.32,169347,0.0,0.0,0.0,152404,115.5,59.0,60.8,27.63,True,False,False,False,NONE,IDLE,SITE_QUARRY_NORTH,41.521298,-88.083572
2026-01-01 00:55:00,EXC005,OP1008,320 GC,6863.8,677.0,15.6,84.0,2.93,90.3,301.8,84599.3,3.35,5.0,0.0,0.0,2745.83,240231,0.0,0.0,0.0,216200,115.4,59.9,61.7,27.5,True,False,False,False,NONE,IDLE,SITE_METRO_EXPANSION,41.879031,-87.632112
2026-01-01 00:55:00,EXC007,OP1010,336,9415.8,739.0,15.4,82.6,2.88,91.0,326.8,192088.1,5.46,5.0,0.0,0.0,3766.36,329558,0.0,0.0,0.0,296594,120.0,62.1,62.8,27.55,True,False,False,False,NONE,IDLE,SITE_QUARRY_NORTH,41.52357,-88.079972
2026-01-01 00:55:00,EXC008,OP1012,320 GC,8905.93,2054.0,82.8,91.8,4.57,104.9,349.2,109769.1,18.26,0.0,5.0,0.2,3562.78,311703,42.0,14.3,3.36,280530,304.1,71.6,62.4,27.7,True,False,False,False,NONE,LOADING,SITE_HIGHWAY_CORRIDOR,41.333654,-88.84239
2026-01-01 00:55:00,EXC009,OP1014,336,1609.26,718.0,11.8,81.2,3.06,88.7,361.8,32834.1,5.44,5.0,0.0,0.0,644.24,56328,0.0,0.0,0.0,50678,129.3,57.5,65.0,28.31,True,False,False,False,NONE,IDLE,SITE_QUARRY_NORTH,41.52226,-88.081188
2026-01-01 00:55:00,LOD001,OP1001,950 GC,9011.26,724.0,13.3,82.6,2.89,92.2,243.9,118725.9,3.6,5.0,0.0,0.0,19828.9,315392,0.0,0.0,0.0,283847,114.0,59.4,62.7,27.45,True,False,False,False,NONE,IDLE,SITE_HIGHWAY_CORRIDOR,41.331615,-88.843312
2026-01-01 00:55:00,LOD002,OP1003,966,7392.86,722.0,14.2,84.5,3.14,91.5,276.3,138251.3,4.88,5.0,0.0,0.0,16264.28,258749,0.0,0.0,0.0,232874,117.3,60.9,61.9,28.19,True,False,False,False,NONE,IDLE,SITE_HIGHWAY_CORRIDOR,41.331407,-88.839819
2026-01-01 00:55:00,LOD003,OP1005,950 GC,10838.93,1857.0,71.6,91.9,4.09,104.4,319.8,142806.2,15.42,0.0,5.0,1.0,23845.38,379362,37.8,6.2,3.96,341418,284.8,71.4,62.8,28.23,True,False,False,False,NONE,OPERATING,SITE_METRO_EXPANSION,41.878519,-87.627566
2026-01-01 01:00:00,EXC001,OP1002,320 GC,1910.0,709.0,11.9,81.0,2.91,86.4,308.2,23543.9,3.12,5.0,0.0,0.0,764.41,66845,0.0,0.0,0.0,60155,128.5,55.9,60.7,28.36,True,False,False,False,NONE,IDLE,SITE_QUARRY_NORTH,41.521594,-88.082552
2026-01-01 01:00:00,EXC002,OP1004,323,10362.68,712.0,15.7,84.4,2.83,91.3,259.5,149744.3,3.89,5.0,0.0,0.0,4145.57,362688,0.0,0.0,0.0,326414,117.0,61.5,62.1,27.68,True,False,False,False,NONE,IDLE,SITE_METRO_EXPANSION,41.878096,-87.630944
2026-01-01 01:00:00,EXC004,OP1006,323,4838.35,709.0,17.1,83.0,3.02,91.3,304.3,69918.8,3.6,5.0,0.0,0.0,1935.32,169347,0.0,0.0,0.0,152404,117.9,59.2,61.2,27.73,True,False,False,False,NONE,IDLE,SITE_QUARRY_NORTH,41.522168,-88.082334
2026-01-01 01:00:00,EXC005,OP1008,320 GC,6863.8,720.0,14.6,85.4,3.02,92.8,301.6,84599.6,3.18,5.0,0.0,0.0,2745.83,240231,0.0,0.0,0.0,216200,115.5,62.8,61.2,27.81,True,False,False,False,NONE,IDLE,SITE_METRO_EXPANSION,41.876389,-87.630869
2026-01-01 01:00:00,EXC007,OP1010,336,9415.8,726.0,18.5,83.5,2.78,91.8,326.4,192088.6,5.54,5.0,0.0,0.0,3766.36,329558,0.0,0.0,0.0,296594,122.0,63.8,61.8,27.62,True,False,False,False,NONE,IDLE,SITE_QUARRY_NORTH,41.524359,-88.082444
2026-01-01 01:00:00,EXC008,OP1012,320 GC,8905.93,726.0,9.8,82.8,2.92,90.1,348.9,109769.4,3.44,5.0,0.0,0.0,3562.78,311703,0.0,0.0,0.0,280530,119.7,59.6,62.1,27.93,True,False,False,False,NONE,IDLE,SITE_HIGHWAY_CORRIDOR,41.330644,-88.842939
2026-01-01 01:00:00,EXC009,OP1014,336,1609.26,719.0,17.3,82.6,2.98,91.4,361.3,32834.6,5.23,5.0,0.0,0.0,644.24,56328,0.0,0.0,0.0,50678,118.9,58.1,62.4,27.59,True,False,False,False,NONE,IDLE,SITE_QUARRY_NORTH,41.52442,-88.081548
2026-01-01 01:00:00,LOD001,OP1001,950 GC,9011.26,722.0,10.4,82.8,2.89,90.1,243.6,118726.2,3.64,5.0,0.0,0.0,19828.9,315392,0.0,0.0,0.0,283847,125.4,59.2,61.0,27.73,True,False,False,False,NONE,IDLE,SITE_HIGHWAY_CORRIDOR,41.332471,-88.841666
2026-01-01 01:00:00,LOD002,OP1003,966,7392.86,701.0,15.2,81.7,2.8,89.4,275.9,138251.7,4.8,5.0,0.0,0.0,16264.28,258749,0.0,0.0,0.0,232874,126.6,60.4,62.0,28.12,True,False,False,False,NONE,IDLE,SITE_HIGHWAY_CORRIDOR,41.330114,-88.839596
2026-01-01 01:00:00,LOD003,OP1005,950 GC,10838.93,711.0,12.3,84.6,2.79,91.6,319.6,142806.5,3.54,5.0,0.0,0.0,23845.38,379362,0.0,0.0,0.0,341418,119.1,62.4,61.1,28.11,True,False,False,False,NONE,IDLE,SITE_METRO_EXPANSION,41.878062,-87.629282
2026-01-01 01:05:00,EXC001,OP1002,320 GC,1910.08,2082.0,89.5,90.7,4.56,106.7,306.8,23545.3,16.15,0.0,5.0,0.1,764.42,66847,31.3,16.3,5.31,60156,316.1,69.6,62.4,27.72,True,False,False,False,NONE,LOADING,SITE_QUARRY_NORTH,41.525512,-88.07964
2026-01-01 01:05:00,EXC002,OP1004,323,10362.76,2096.0,84.6,92.5,4.36,106.8,257.9,149745.9,18.96,0.0,5.0,0.3,4145.6,362690,34.5,17.5,6.23,326415,306.7,76.5,62.4,27.8,True,False,False,False,NONE,LOADING,SITE_METRO_EXPANSION,41.878044,-87.629208
2026-01-01 01:05:00,EXC004,OP1006,323,4838.35,705.0,13.2,82.1,2.88,89.7,304.0,69919.1,3.73,5.0,0.0,0.0,1935.32,169347,0.0,0.0,0.0,152404,123.5,60.6,62.8,27.9,True,False,False,False,NONE,IDLE,SITE_QUARRY_NORTH,41.524196,-88.079858
2026-01-01 01:05:00,EXC005,OP1008,320 GC,6863.8,712.0,16.6,85.4,2.83,90.8,301.3,84599.8,3.18,5.0,0.0,0.0,2745.83,240231,0.0,0.0,0.0,216200,123.7,63.3,63.1,27.42,True,False,False,False,NONE,IDLE,SITE_METRO_EXPANSION,41.879835,-87.630144
2026-01-01 01:05:00,EXC007,OP1010,336,9415.8,706.0,14.3,82.7,2.99,91.4,325.9,192089.0,5.49,5.0,0.0,0.0,3766.36,329558,0.0,0.0,0.0,296594,118.1,61.2,62.7,27.92,True,False,False,False,NONE,IDLE,SITE_QUARRY_NORTH,41.524635,-88.082099
2026-01-01 01:05:00,EXC008,OP1012,320 GC,8906.01,2034.0,83.9,91.5,4.47,107.8,347.4,109770.9,18.14,0.0,5.0,1.0,3562.86,311705,38.6,9.9,7.02,280531,319.4,72.0,66.3,27.91,True,False,False,False,NONE,LOADING,SITE_HIGHWAY_CORRIDOR,41.331708,-88.841444
2026-01-01 01:05:00,EXC009,OP1014,336,1609.26,729.0,12.6,80.5,3.08,87.0,360.9,32835.0,4.96,5.0,0.0,0.0,644.24,56328,0.0,0.0,0.0,50678,114.6,58.9,63.4,27.57,True,False,False,False,NONE,IDLE,SITE_QUARRY_NORTH,41.522906,-88.080457
2026-01-01 01:05:00,LOD001,OP1001,950 GC,9011.26,731.0,13.6,83.8,2.98,91.4,243.3,118726.5,3.36,5.0,0.0,0.0,19828.9,315392,0.0,0.0,0.0,283847,121.1,60.1,61.9,27.95,True,False,False,False,NONE,IDLE,SITE_HIGHWAY_CORRIDOR,41.333633,-88.844975
2026-01-01 01:05:00,LOD002,OP1003,966,7392.86,768.0,13.5,85.0,2.98,91.4,275.4,138252.1,5.1,5.0,0.0,0.0,16264.28,258749,0.0,0.0,0.0,232874,118.1,60.7,60.4,27.74,True,False,False,False,NONE,IDLE,SITE_HIGHWAY_CORRIDOR,41.332354,-88.840525
2026-01-01 01:05:00,LOD003,OP1005,950 GC,10839.02,1909.0,81.4,94.1,4.23,107.5,318.2,142807.9,16.82,0.0,5.0,1.1,23845.47,379363,39.5,15.0,4.35,341418,305.7,72.8,62.3,27.98,True,False,False,False,NONE,OPERATING,SITE_METRO_EXPANSION,41.877863,-87.626452
2026-01-01 01:10:00,EXC001,OP1002,320 GC,1910.08,744.0,11.8,81.4,3.14,86.8,306.6,23545.6,3.23,5.0,0.0,0.0,764.42,66847,0.0,0.0,0.0,60156,121.8,56.1,61.4,27.97,True,False,False,False,NONE,IDLE,SITE_QUARRY_NORTH,41.522649,-88.082155
2026-01-01 01:10:00,EXC002,OP1004,323,10362.76,732.0,14.9,85.2,2.87,94.9,257.6,149746.2,3.76,5.0,0.0,0.0,4145.6,362690,0.0,0.0,0.0,326415,115.5,62.4,63.4,28.01,True,False,False,False,NONE,IDLE,SITE_METRO_EXPANSION,41.877044,-87.629932
2026-01-01 01:10:00,EXC004,OP1006,323,4838.35,698.0,16.1,81.2,2.88,89.2,303.7,69919.4,3.86,5.0,0.0,0.0,1935.32,169347,0.0,0.0,0.0,152404,122.2,60.2,63.1,28.1,True,False,False,False,NONE,IDLE,SITE_QUARRY_NORTH,41.52227,-88.081339
2026-01-01 01:10:00,EXC005,OP1008,320 GC,6863.88,1786.0,59.0,89.4,4.1,102.7,300.3,84600.8,12.27,0.0,5.0,5.0,2746.25,240231,0.0,0.0,0.0,216200,165.0,70.1,78.5,27.66,True,False,False,False,NONE,TRAVELLING,SITE_METRO_EXPANSION,41.877073,-87.626608
2026-01-01 01:10:00,EXC007,OP1010,336,9415.8,739.0,13.1,83.0,2.82,90.9,325.5,192089.5,5.25,5.0,0.0,0.0,3766.36,329558,0.0,0.0,0.0,296594,125.4,60.9,62.6,27.72,True,False,False,False,NONE,IDLE,SITE_QUARRY_NORTH,41.524142,-88.080088
2026-01-01 01:10:00,EXC008,OP1012,320 GC,8906.09,2009.0,79.6,89.4,4.39,103.0,345.9,109772.3,16.97,0.0,5.0,1.1,3562.95,311708,39.6,15.8,5.72,280532,305.6,70.4,67.6,28.0,True,False,False,False,NONE,LOADING,SITE_HIGHWAY_CORRIDOR,41.33138,-88.843176
2026-01-01 01:10:00,EXC009,OP1014,336,1609.26,718.0,14.0,81.0,3.04,87.3,360.5,32835.4,5.32,5.0,0.0,0.0,644.24,56328,0.0,0.0,0.0,50678,118.7,57.5,62.3,28.22,True,False,False,False,NONE,IDLE,SITE_QUARRY_NORTH,41.520756,-88.082533
2026-01-01 01:10:00,LOD001,OP1001,950 GC,9011.26,701.0,11.2,82.6,2.83,90.4,243.1,118726.8,3.5,5.0,0.0,0.0,19828.9,315392,0.0,0.0,0.0,283847,122.2,61.0,62.2,27.95,True,False,False,False,NONE,IDLE,SITE_HIGHWAY_CORRIDOR,41.333768,-88.843349
2026-01-01 01:10:00,LOD002,OP1003,966,7392.86,692.0,12.1,83.2,2.9,92.4,275.1,138252.5,4.69,5.0,0.0,0.0,16264.28,258749,0.0,0.0,0.0,232874,117.6,59.4,61.6,27.89,True,False,False,False,NONE,IDLE,SITE_HIGHWAY_CORRIDOR,41.331538,-88.840735
2026-01-01 01:10:00,LOD003,OP1005,950 GC,10839.02,708.0,9.7,85.0,2.89,91.0,317.9,142808.2,3.52,5.0,0.0,0.0,23845.47,379363,0.0,0.0,0.0,341418,122.1,62.4,63.2,27.93,True,False,False,False,NONE,IDLE,SITE_METRO_EXPANSION,41.879331,-87.631326
2026-01-01 01:15:00,EXC001,OP1002,320 GC,1910.08,669.0,16.9,81.8,2.93,89.8,306.3,23545.8,3.18,5.0,0.0,0.0,764.42,66847,0.0,0.0,0.0,60156,113.0,58.2,64.1,27.52,True,False,False,False,NONE,IDLE,SITE_QUARRY_NORTH,41.522606,-88.082092
2026-01-01 01:15:00,EXC002,OP1004,323,10362.76,730.0,13.0,85.4,2.9,93.1,257.3,149746.5,3.67,5.0,0.0,0.0,4145.6,362690,0.0,0.0,0.0,326415,113.9,63.4,60.0,27.62,True,False,False,False,NONE,IDLE,SITE_METRO_EXPANSION,41.878586,-87.629042
2026-01-01 01:15:00,EXC004,OP1006,323,4838.35,670.0,11.8,82.3,3.0,89.7,303.4,69919.7,3.62,5.0,0.0,0.0,1935.32,169347,0.0,0.0,0.0,152404,118.9,59.3,61.5,27.69,True,False,False,False,NONE,IDLE,SITE_QUARRY_NORTH,41.522702,-88.080599
2026-01-01 01:15:00,EXC005,OP1008,320 GC,6863.88,739.0,13.8,84.5,2.91,91.8,300.0,84601.1,3.35,5.0,0.0,0.0,2746.25,240231,0.0,0.0,0.0,216200,125.7,63.4,61.8,27.5,True,False,False,False,NONE,IDLE,SITE_METRO_EXPANSION,41.878343,-87.626754
2026-01-01 01:15:00,EXC007,OP1010,336,9415.8,693.0,11.7,83.3,2.81,90.3,325.0,192089.9,5.46,5.0,0.0,0.0,3766.36,329558,0.0,0.0,0.0,296594,117.6,61.3,61.8,27.58,True,False,False,False,NONE,IDLE,SITE_QUARRY_NORTH,41.523276,-88.083116
2026-01-01 01:15:00,EXC008,OP1012,320 GC,8906.09,751.0,15.2,84.1,2.93,91.6,345.7,109772.6,3.25,5.0,0.0,0.0,3562.95,311708,0.0,0.0,0.0,280532,123.7,60.9,61.9,28.05,True,False,False,False,NONE,IDLE,SITE_HIGHWAY_CORRIDOR,41.330835,-88.840157
2026-01-01 01:15:00,EXC009,OP1014,336,1609.26,710.0,13.2,80.4,2.97,88.0,360.0,32835.9,5.21,5.0,0.0,0.0,644.24,56328,0.0,0.0,0.0,50678,129.4,56.3,63.1,27.95,True,False,False,False,NONE,IDLE,SITE_QUARRY_NORTH,41.521371,-88.082306
2026-01-01 01:15:00,LOD001,OP1001,950 GC,9011.26,728.0,14.0,83.7,2.88,89.5,242.8,118727.1,3.64,5.0,0.0,0.0,19828.9,315392,0.0,0.0,0.0,283847,118.9,61.3,61.9,27.73,True,False,False,False,NONE,IDLE,SITE_HIGHWAY_CORRIDOR,41.3319,-88.842704
2026-01-01 01:15:00,LOD002,OP1003,966,7392.94,1921.0,74.6,90.4,4.4,100.3,273.2,138254.4,21.98,0.0,5.0,0.8,16264.35,258752,50.1,15.6,5.77,232875,302.9,71.9,61.6,28.31,True,False,False,False,NONE,OPERATING,SITE_HIGHWAY_CORRIDOR,41.332914,-88.842195
2026-01-01 01:15:00,LOD003,OP1005,950 GC,10839.02,728.0,12.0,84.3,2.81,92.8,317.6,142808.5,3.51,5.0,0.0,0.0,23845.47,379363,0.0,0.0,0.0,341418,115.7,62.5,64.3,28.13,True,False,False,False,NONE,IDLE,SITE_METRO_EXPANSION,41.878323,-87.629522
2026-01-01 01:20:00,EXC001,OP1002,320 GC,1910.08,732.0,16.6,82.5,3.17,90.6,306.0,23546.1,3.37,5.0,0.0,0.0,764.42,66847,0.0,0.0,0.0,60156,121.8,58.6,61.6,27.92,True,False,False,False,NONE,IDLE,SITE_QUARRY_NORTH,41.524188,-88.083767
2026-01-01 01:20:00,EXC002,OP1004,323,10362.76,753.0,16.4,86.2,3.08,93.0,257.0,149746.8,3.96,5.0,0.0,0.0,4145.6,362690,0.0,0.0,0.0,326415,117.1,62.4,61.0,28.04,True,False,False,False,NONE,IDLE,SITE_METRO_EXPANSION,41.878686,-87.63092
2026-01-01 01:20:00,EXC004,OP1006,323,4838.43,2035.0,87.1,89.8,4.65,105.4,301.6,69921.5,21.1,0.0,5.0,1.2,1935.42,169355,35.2,16.4,8.85,152405,302.6,72.3,66.3,27.78,True,False,False,False,NONE,LOADING,SITE_QUARRY_NORTH,41.523475,-88.081458
2026-01-01 01:20:00,EXC005,OP1008,320 GC,6863.88,699.0,13.7,86.3,2.81,93.7,299.7,84601.4,3.49,5.0,0.0,0.0,2746.25,240231,0.0,0.0,0.0,216200,116.5,62.4,61.8,28.06,True,False,False,False,NONE,IDLE,SITE_METRO_EXPANSION,41.876045,-87.630796
2026-01-01 01:20:00,EXC007,OP1010,336,9415.8,708.0,13.1,82.5,2.91,90.5,324.6,192090.4,5.58,5.0,0.0,0.0,3766.36,329558,0.0,0.0,0.0,296594,121.9,59.8,61.4,27.99,True,False,False,False,NONE,IDLE,SITE_QUARRY_NORTH,41.524483,-88.082086
2026-01-01 01:20:00,EXC008,OP1012,320 GC,8906.18,1759.0,55.5,89.6,4.03,102.2,344.6,109773.7,12.84,0.0,5.0,4.3,3563.31,311708,0.0,12.8,0.0,280532,173.0,68.5,81.1,27.61,True,False,False,False,NONE,TRAVELLING,SITE_HIGHWAY_CORRIDOR,41.333414,-88.843508
2026-01-01 01:20:00,EXC009,OP1014,336,1609.26,752.0,11.7,81.0,2.94,89.6,359.6,32836.3,5.36,5.0,0.0,0.0,644.24,56328,0.0,0.0,0.0,50678,120.3,56.8,62.1,27.84,True,False,False,False,NONE,IDLE,SITE_QUARRY_NORTH,41.521956,-88.081976
2026-01-01 01:20:00,LOD001,OP1001,950 GC,9011.34,1884.0,74.3,89.7,4.12,103.4,241.6,118728.3,14.26,0.0,5.0,0.8,19828.97,315395,43.5,11.5,3.65,283848,304.9,71.6,62.1,28.05,True,False,False,False,NONE,OPERATING,SITE_HIGHWAY_CORRIDOR,41.334207,-88.841422
2026-01-01 01:20:00,LOD002,OP1003,966,7392.94,719.0,16.1,83.7,2.96,90.6,272.8,138254.8,4.85,5.0,0.0,0.0,16264.35,258752,0.0,0.0,0.0,232875,119.9,61.6,66.0,27.96,True,False,False,False,NONE,IDLE,SITE_HIGHWAY_CORRIDOR,41.331398,-88.842994
2026-01-01 01:20:00,LOD003,OP1005,950 GC,10839.02,738.0,13.6,85.8,2.91,92.1,317.3,142808.8,3.58,5.0,0.0,0.0,23845.47,379363,0.0,0.0,0.0,341418,120.6,64.2,62.5,28.25,True,False,False,False,NONE,IDLE,SITE_METRO_EXPANSION,41.878479,-87.629441
2026-01-01 01:25:00,EXC001,OP1002,320 GC,1910.17,1963.0,74.2,87.7,4.34,101.2,304.8,23547.3,14.43,0.0,5.0,1.4,764.53,66849,31.0,14.3,5.97,60157,293.9,67.4,69.0,28.05,True,False,False,False,NONE,OPERATING,SITE_QUARRY_NORTH,41.523497,-88.079576
2026-01-01 01:25:00,EXC002,OP1004,323,10362.76,737.0,14.3,85.8,2.87,93.8,256.7,149747.2,3.95,5.0,0.0,0.0,4145.6,362690,0.0,0.0,0.0,326415,117.9,62.4,61.5,27.41,True,False,False,False,NONE,IDLE,SITE_METRO_EXPANSION,41.87778,-87.629397
2026-01-01 01:25:00,EXC004,OP1006,323,4838.43,735.0,12.0,82.0,3.17,88.6,301.3,69921.8,4.02,5.0,0.0,0.0,1935.42,169355,0.0,0.0,0.0,152405,121.2,59.2,60.2,27.76,True,False,False,False,NONE,IDLE,SITE_QUARRY_NORTH,41.521652,-88.080378
2026-01-01 01:25:00,EXC005,OP1008,320 GC,6863.88,744.0,13.8,83.9,2.87,90.4,299.5,84601.7,3.29,5.0,0.0,0.0,2746.25,240231,0.0,0.0,0.0,216200,118.6,62.5,62.2,27.96,True,False,False,False,NONE,IDLE,SITE_METRO_EXPANSION,41.878125,-87.628549
2026-01-01 01:25:00,EXC007,OP1010,336,9415.8,711.0,14.3,80.8,2.88,88.0,324.1,192090.8,5.38,5.0,0.0,0.0,3766.36,329558,0.0,0.0,0.0,296594,119.4,62.0,62.5,27.71,True,False,False,False,NONE,IDLE,SITE_QUARRY_NORTH,41.521625,-88.084199
2026-01-01 01:25:00,EXC008,OP1012,320 GC,8906.26,2108.0,94.3,92.4,4.45,107.8,343.0,109775.2,19.02,0.0,5.0,1.1,3563.4,311710,42.1,14.6,5.26,280533,324.4,74.8,66.3,27.93,True,False,False,False,NONE,LOADING,SITE_HIGHWAY_CORRIDOR,41.331001,-88.84237
2026-01-01 01:25:00,EXC009,OP1014,336,1609.26,704.0,11.8,79.8,3.14,85.8,359.1,32836.8,5.58,5.0,0.0,0.0,644.24,56328,0.0,0.0,0.0,50678,120.2,57.6,62.9,28.08,True,False,False,False,NONE,IDLE,SITE_QUARRY_NORTH,41.523848,-88.081829
2026-01-01 01:25:00,LOD001,OP1001,950 GC,9011.34,733.0,10.9,82.0,3.03,88.2,241.3,118728.6,3.51,5.0,0.0,0.0,19828.97,315395,0.0,0.0,0.0,283848,115.1,59.8,61.1,27.71,True,False,False,False,NONE,IDLE,SITE_HIGHWAY_CORRIDOR,41.334256,-88.840617
2026-01-01 01:25:00,LOD002,OP1003,966,7392.94,713.0,10.6,81.3,2.91,87.5,272.4,138255.2,4.93,5.0,0.0,0.0,16264.35,258752,0.0,0.0,0.0,232875,117.6,60.9,61.1,27.86,True,False,False,False,NONE,IDLE,SITE_HIGHWAY_CORRIDOR,41.332543,-88.8425
2026-01-01 01:25:00,LOD003,OP1005,950 GC,10839.02,737.0,12.3,85.4,2.93,93.6,317.0,142809.1,3.53,5.0,0.0,0.0,23845.47,379363,0.0,0.0,0.0,341418,120.1,63.8,61.5,27.86,True,False,False,False,NONE,IDLE,SITE_METRO_EXPANSION,41.88138,-87.629392
2026-01-01 01:30:00,EXC001,OP1002,320 GC,1910.25,1898.0,79.5,89.4,4.26,104.3,303.6,23548.5,14.74,0.0,5.0,0.3,764.56,66853,33.4,16.4,3.22,60157,302.7,69.3,62.3,27.69,True,False,False,False,NONE,OPERATING,SITE_QUARRY_NORTH,41.524595,-88.080715
2026-01-01 01:30:00,EXC002,OP1004,323,10362.76,710.0,15.8,84.7,2.85,90.4,256.3,149747.5,3.84,5.0,0.0,0.0,4145.6,362690,0.0,0.0,0.0,326415,122.8,65.1,64.1,27.9,True,False,False,False,NONE,IDLE,SITE_METRO_EXPANSION,41.877969,-87.629938
2026-01-01 01:30:00,EXC004,OP1006,323,4838.43,726.0,16.1,82.3,2.93,88.1,301.0,69922.2,3.85,5.0,0.0,0.0,1935.42,169355,0.0,0.0,0.0,152405,117.3,59.1,62.1,28.13,True,False,False,False,NONE,IDLE,SITE_QUARRY_NORTH,41.522158,-88.080456
2026-01-01 01:30:00,EXC005,OP1008,320 GC,6863.88,705.0,16.0,84.6,2.82,90.3,299.2,84602.0,3.29,5.0,0.0,0.0,2746.25,240231,0.0,0.0,0.0,216200,117.5,62.0,61.6,28.02,True,False,False,False,NONE,IDLE,SITE_METRO_EXPANSION,41.879259,-87.629251
2026-01-01 01:30:00,EXC007,OP1010,336,9415.8,704.0,13.3,82.9,2.8,91.5,323.6,192091.3,5.64,5.0,0.0,0.0,3766.36,329558,0.0,0.0,0.0,296594,119.8,61.0,60.7,28.01,True,False,False,False,NONE,IDLE,SITE_QUARRY_NORTH,41.522793,-88.081939
2026-01-01 01:30:00,EXC008,OP1012,320 GC,8906.34,2127.0,94.8,95.0,4.44,110.8,341.4,109776.9,19.81,0.0,5.0,0.1,3563.41,311712,43.7,13.5,4.9,280534,329.3,74.0,60.2,27.74,True,False,False,False,NONE,LOADING,SITE_HIGHWAY_CORRIDOR,41.330958,-88.841683
2026-01-01 01:30:00,EXC009,OP1014,336,1609.26,702.0,10.3,80.9,3.07,88.4,358.7,32837.2,5.35,5.0,0.0,0.0,644.24,56328,0.0,0.0,0.0,50678,119.1,55.7,62.1,27.79,True,False,False,False,NONE,IDLE,SITE_QUARRY_NORTH,41.522458,-88.081601
2026-01-01 01:30:00,LOD001,OP1001,950 GC,9011.34,704.0,18.0,83.7,2.79,91.7,241.0,118728.8,3.26,5.0,0.0,0.0,19828.97,315395,0.0,0.0,0.0,283848,120.6,61.2,62.1,27.51,True,False,False,False,NONE,IDLE,SITE_HIGHWAY_CORRIDOR,41.333627,-88.842596
2026-01-01 01:30:00,LOD002,OP1003,966,7392.94,700.0,13.2,81.8,2.9,89.2,272.0,138255.6,5.04,5.0,0.0,0.0,16264.35,258752,0.0,0.0,0.0,232875,118.8,60.4,61.9,27.58,True,False,False,False,NONE,IDLE,SITE_HIGHWAY_CORRIDOR,41.332923,-88.841352
2026-01-01 01:30:00,LOD003,OP1005,950 GC,10839.02,699.0,13.9,84.4,2.71,92.5,316.7,142809.4,3.36,5.0,0.0,0.0,23845.47,379363,0.0,0.0,0.0,341418,114.8,61.8,60.9,27.82,True,False,False,False,NONE,IDLE,SITE_METRO_EXPANSION,41.877221,-87.633025
2026-01-01 01:35:00,EXC001,OP1002,320 GC,1910.25,716.0,18.7,83.1,3.02,90.5,303.3,23548.8,3.01,5.0,0.0,0.0,764.56,66853,0.0,0.0,0.0,60157,125.2,56.8,60.5,27.5,True,False,False,False,NONE,IDLE,SITE_QUARRY_NORTH,41.523528,-88.081214
2026-01-01 01:35:00,EXC002,OP1004,323,10362.84,1874.0,76.1,91.7,4.1,106.6,254.8,149749.0,18.59,0.0,5.0,0.7,4145.65,362694,34.9,12.9,4.7,326416,293.1,72.7,65.2,27.84,True,False,False,False,NONE,OPERATING,SITE_METRO_EXPANSION,41.8781,-87.630005
2026-01-01 01:35:00,EXC004,OP1006,323,4838.43,705.0,11.9,82.8,2.97,88.9,300.7,69922.5,3.73,5.0,0.0,0.0,1935.42,169355,0.0,0.0,0.0,152405,121.6,58.3,63.6,28.13,True,False,False,False,NONE,IDLE,SITE_QUARRY_NORTH,41.523975,-88.082658
2026-01-01 01:35:00,EXC005,OP1008,320 GC,6863.97,1838.0,66.2,90.9,4.13,103.4,298.0,84603.1,13.64,0.0,5.0,0.9,2746.32,240232,33.4,6.1,7.0,216201,283.5,71.7,64.0,28.15,True,False,False,False,NONE,OPERATING,SITE_METRO_EXPANSION,41.877679,-87.630553
2026-01-01 01:35:00,EXC007,OP1010,336,9415.8,731.0,14.6,82.7,2.79,89.0,323.2,192091.8,5.57,5.0,0.0,0.0,3766.36,329558,0.0,0.0,0.0,296594,119.7,60.8,61.4,27.9,True,False,False,False,NONE,IDLE,SITE_QUARRY_NORTH,41.524721,-88.081866
2026-01-01 01:35:00,EXC008,OP1012,320 GC,8906.34,725.0,12.3,84.0,2.97,88.7,341.1,109777.2,3.32,5.0,0.0,0.0,3563.41,311712,0.0,0.0,0.0,280534,119.9,60.1,61.8,27.81,True,False,False,False,NONE,IDLE,SITE_HIGHWAY_CORRIDOR,41.331662,-88.839913
2026-01-01 01:35:00,EXC009,OP1014,336,1609.26,697.0,10.5,80.5,3.15,87.4,358.2,32837.6,5.21,5.0,0.0,0.0,644.24,56328,0.0,0.0,0.0,50678,116.0,56.8,62.2,28.11,True,False,False,False,NONE,IDLE,SITE_QUARRY_NORTH,41.522008,-88.084693
2026-01-01 01:35:00,LOD001,OP1001,950 GC,9011.42,1909.0,75.7,90.3,4.14,104.0,239.9,118730.0,13.43,0.0,5.0,0.4,19829.0,315396,40.7,13.7,5.46,283848,299.5,70.1,63.0,27.42,True,False,False,False,NONE,OPERATING,SITE_HIGHWAY_CORRIDOR,41.332236,-88.840459
2026-01-01 01:35:00,LOD002,OP1003,966,7392.94,697.0,14.7,82.4,2.82,89.3,271.6,138256.0,4.84,5.0,0.0,0.0,16264.35,258752,0.0,0.0,0.0,232875,116.9,61.2,62.8,28.19,True,False,False,False,NONE,IDLE,SITE_HIGHWAY_CORRIDOR,41.332438,-88.839597
2026-01-01 01:35:00,LOD003,OP1005,950 GC,10839.02,744.0,15.0,85.8,2.92,93.2,316.4,142809.7,3.56,5.0,0.0,0.0,23845.47,379363,0.0,0.0,0.0,341418,119.1,63.3,63.1,27.53,True,False,False,False,NONE,IDLE,SITE_METRO_EXPANSION,41.879791,-87.628958
2026-01-01 01:40:00,EXC001,OP1002,320 GC,1910.25,721.0,9.4,81.1,3.04,88.7,303.1,23549.1,3.16,5.0,0.0,0.0,764.56,66853,0.0,0.0,0.0,60157,123.0,56.9,62.6,27.72,True,False,False,False,NONE,IDLE,SITE_QUARRY_NORTH,41.523236,-88.080769
2026-01-01 01:40:00,EXC002,OP1004,323,10362.84,703.0,12.4,84.6,2.82,89.9,254.5,149749.4,3.7,5.0,0.0,0.0,4145.65,362694,0.0,0.0,0.0,326416,124.5,62.6,64.3,27.77,True,False,False,False,NONE,IDLE,SITE_METRO_EXPANSION,41.881044,-87.632233
2026-01-01 01:40:00,EXC004,OP1006,323,4838.43,702.0,13.9,81.3,3.21,89.2,300.4,69922.8,3.8,5.0,0.0,0.0,1935.42,169355,0.0,0.0,0.0,152405,117.6,58.8,61.6,27.91,True,False,False,False,NONE,IDLE,SITE_QUARRY_NORTH,41.524513,-88.082691
2026-01-01 01:40:00,EXC005,OP1008,320 GC,6864.05,1989.0,84.1,92.4,4.43,107.4,296.7,84604.4,15.64,0.0,5.0,1.4,2746.44,240235,31.9,15.0,6.6,216202,304.3,72.5,67.3,27.91,True,False,False,False,NONE,OPERATING,SITE_METRO_EXPANSION,41.87573,-87.627637
2026-01-01 01:40:00,EXC007,OP1010,336,9415.8,751.0,16.9,83.9,2.86,91.8,322.7,192092.2,5.44,5.0,0.0,0.0,3766.36,329558,0.0,0.0,0.0,296594,118.8,61.4,59.4,27.65,True,False,False,False,NONE,IDLE,SITE_QUARRY_NORTH,41.520817,-88.080978
2026-01-01 01:40:00,EXC008,OP1012,320 GC,8906.34,708.0,16.3,84.7,2.9,92.0,340.8,109777.5,3.39,5.0,0.0,0.0,3563.41,311712,0.0,0.0,0.0,280534,115.5,61.3,63.0,28.03,True,False,False,False,NONE,IDLE,SITE_HIGHWAY_CORRIDOR,41.334363,-88.841934
2026-01-01 01:40:00,EXC009,OP1014,336,1609.34,2082.0,83.1,90.6,4.64,105.8,356.2,32839.7,24.22,0.0,5.0,1.3,644.34,56331,31.8,25.3,12.8,50679,311.7,69.5,67.8,27.9,True,False,False,False,NONE,LOADING,SITE_QUARRY_NORTH,41.523727,-88.081595
2026-01-01 01:40:00,LOD001,OP1001,950 GC,9011.42,755.0,13.5,83.9,2.99,89.8,239.6,118730.3,3.53,5.0,0.0,0.0,19829.0,315396,0.0,0.0,0.0,283848,112.2,61.3,63.9,27.68,True,False,False,False,NONE,IDLE,SITE_HIGHWAY_CORRIDOR,41.333148,-88.842946
2026-01-01 01:40:00,LOD002,OP1003,966,7392.94,727.0,13.4,82.5,2.85,89.7,271.2,138256.4,4.8,5.0,0.0,0.0,16264.35,258752,0.0,0.0,0.0,232875,119.5,60.2,61.1,27.91,True,False,False,False,NONE,IDLE,SITE_HIGHWAY_CORRIDOR,41.331719,-88.842305
2026-01-01 01:40:00,LOD003,OP1005,950 GC,10839.02,729.0,12.1,84.1,3.01,88.8,316.1,142809.9,3.4,5.0,0.0,0.0,23845.47,379363,0.0,0.0,0.0,341418,126.5,64.0,61.6,27.46,True,False,False,False,NONE,IDLE,SITE_METRO_EXPANSION,41.879518,-87.630151
2026-01-01 01:45:00,EXC001,OP1002,320 GC,1910.33,1959.0,77.3,88.3,4.43,103.4,301.8,23550.3,15.12,0.0,5.0,0.1,764.57,66857,32.2,14.5,4.68,60157,296.1,67.0,60.6,27.68,True,False,False,False,NONE,OPERATING,SITE_QUARRY_NORTH,41.521341,-88.081411
2026-01-01 01:45:00,EXC002,OP1004,323,10362.84,706.0,16.0,86.5,2.89,93.0,254.2,149749.7,3.85,5.0,0.0,0.0,4145.65,362694,0.0,0.0,0.0,326416,110.4,63.3,61.9,27.58,True,False,False,False,NONE,IDLE,SITE_METRO_EXPANSION,41.878936,-87.62733
2026-01-01 01:45:00,EXC004,OP1006,323,4838.43,716.0,11.5,81.6,2.78,89.2,300.1,69923.1,3.64,5.0,0.0,0.0,1935.42,169355,0.0,0.0,0.0,152405,118.9,60.1,59.7,28.13,True,False,False,False,NONE,IDLE,SITE_QUARRY_NORTH,41.522928,-88.082311
2026-01-01 01:45:00,EXC005,OP1008,320 GC,6864.05,706.0,13.5,84.5,2.88,91.8,296.5,84604.7,3.28,5.0,0.0,0.0,2746.44,240235,0.0,0.0,0.0,216202,117.2,62.3,59.9,27.63,True,False,False,False,NONE,IDLE,SITE_METRO_EXPANSION,41.876279,-87.630017
2026-01-01 01:45:00,EXC007,OP1010,336,9415.8,733.0,16.6,83.4,2.91,90.3,322.2,192092.7,5.73,5.0,0.0,0.0,3766.36,329558,0.0,0.0,0.0,296594,123.0,61.8,63.3,28.02,True,False,False,False,NONE,IDLE,SITE_QUARRY_NORTH,41.524834,-88.079989
2026-01-01 01:45:00,EXC008,OP1012,320 GC,8906.34,746.0,11.7,83.8,2.97,89.7,340.5,109777.7,3.36,5.0,0.0,0.0,3563.41,311712,0.0,0.0,0.0,280534,120.5,61.4,63.9,27.97,True,False,False,False,NONE,IDLE,SITE_HIGHWAY_CORRIDOR,41.33243,-88.841113
2026-01-01 01:45:00,EXC009,OP1014,336,1609.34,712.0,12.3,81.2,2.84,88.7,355.8,32840.1,5.3,5.0,0.0,0.0,644.34,56331,0.0,0.0,0.0,50679,122.4,56.5,62.6,27.84,True,False,False,False,NONE,IDLE,SITE_QUARRY_NORTH,41.52268,-88.080096
2026-01-01 01:45:00,LOD001,OP1001,950 GC,9011.42,714.0,10.0,82.6,2.86,88.8,239.3,118730.6,3.61,5.0,0.0,0.0,19829.0,315396,0.0,0.0,0.0,283848,117.1,59.8,61.7,27.6,True,False,False,False,NONE,IDLE,SITE_HIGHWAY_CORRIDOR,41.33293,-88.84053
2026-01-01 01:45:00,LOD002,OP1003,966,7392.94,740.0,14.1,83.1,2.96,90.8,270.7,138256.8,5.22,5.0,0.0,0.0,16264.35,258752,0.0,0.0,0.0,232875,121.4,59.9,63.8,27.73,True,False,False,False,NONE,IDLE,SITE_HIGHWAY_CORRIDOR,41.333101,-88.840573
2026-01-01 01:45:00,LOD003,OP1005,950 GC,10839.02,710.0,11.9,85.2,2.85,92.7,315.8,142810.2,3.52,5.0,0.0,0.0,23845.47,379363,0.0,0.0,0.0,341418,123.8,63.6,62.5,27.95,True,False,False,False,NONE,IDLE,SITE_METRO_EXPANSION,41.879557,-87.629583
2026-01-01 01:50:00,EXC001,OP1002,320 GC,1910.33,683.0,13.7,80.8,2.9,87.6,301.5,23550.6,3.29,5.0,0.0,0.0,764.57,66857,0.0,0.0,0.0,60157,117.4,57.8,61.8,27.98,True,False,False,False,NONE,IDLE,SITE_QUARRY_NORTH,41.524585,-88.082514
2026-01-01 01:50:00,EXC002,OP1004,323,10362.84,716.0,8.8,83.9,2.96,89.9,253.8,149750.0,3.98,5.0,0.0,0.0,4145.65,362694,0.0,0.0,0.0,326416,118.3,62.1,60.8,28.01,True,False,False,False,NONE,IDLE,SITE_METRO_EXPANSION,41.878841,-87.629878
2026-01-01 01:50:00,EXC004,OP1006,323,4838.43,734.0,15.2,82.7,2.98,90.3,299.7,69923.4,3.88,5.0,0.0,0.0,1935.42,169355,0.0,0.0,0.0,152405,124.8,60.1,61.6,28.12,True,False,False,False,NONE,IDLE,SITE_QUARRY_NORTH,41.521263,-88.083709
2026-01-01 01:50:00,EXC005,OP1008,320 GC,6864.05,732.0,16.3,85.2,2.9,93.5,296.2,84605.0,3.33,5.0,0.0,0.0,2746.44,240235,0.0,0.0,0.0,216202,115.3,61.3,62.4,27.88,True,False,False,False,NONE,IDLE,SITE_METRO_EXPANSION,41.877787,-87.629068
2026-01-01 01:50:00,EXC007,OP1010,336,9415.8,698.0,13.7,83.9,2.71,91.3,321.8,192093.2,5.45,5.0,0.0,0.0,3766.36,329558,0.0,0.0,0.0,296594,113.6,61.6,64.1,27.83,True,False,False,False,NONE,IDLE,SITE_QUARRY_NORTH,41.522982,-88.081078
2026-01-01 01:50:00,EXC008,OP1012,320 GC,8906.34,739.0,15.1,83.6,3.01,91.9,340.3,109778.0,3.16,5.0,0.0,0.0,3563.41,311712,0.0,0.0,0.0,280534,123.4,61.7,62.1,27.63,True,False,False,False,NONE,IDLE,SITE_HIGHWAY_CORRIDOR,41.331886,-88.839942
2026-01-01 01:50:00,EXC009,OP1014,336,1609.34,724.0,13.5,81.2,3.03,90.8,355.3,32840.6,5.35,5.0,0.0,0.0,644.34,56331,0.0,0.0,0.0,50679,119.4,56.9,62.8,28.03,True,False,False,False,NONE,IDLE,SITE_QUARRY_NORTH,41.525612,-88.082997
2026-01-01 01:50:00,LOD001,OP1001,950 GC,9011.51,1888.0,78.3,90.7,4.26,104.8,238.0,118731.8,15.33,0.0,5.0,1.4,19829.12,315402,40.5,10.4,5.25,283848,306.2,71.2,61.6,27.77,True,False,False,False,NONE,OPERATING,SITE_HIGHWAY_CORRIDOR,41.332874,-88.841602
2026-01-01 01:50:00,LOD002,OP1003,966,7393.02,1888.0,71.9,89.6,4.23,103.7,268.9,138258.6,21.59,0.0,5.0,1.5,16264.47,258753,49.1,16.1,6.8,232876,299.0,69.3,60.7,27.81,True,False,False,False,NONE,OPERATING,SITE_HIGHWAY_CORRIDOR,41.334967,-88.842008
2026-01-01 01:50:00,LOD003,OP1005,950 GC,10839.02,725.0,9.5,85.3,2.9,92.2,315.5,142810.5,3.5,5.0,0.0,0.0,23845.47,379363,0.0,0.0,0.0,341418,116.9,64.3,62.1,28.07,True,False,False,False,NONE,IDLE,SITE_METRO_EXPANSION,41.879594,-87.628419
2026-01-01 01:55:00,EXC001,OP1002,320 GC,1910.33,728.0,16.2,81.8,3.18,91.4,301.3,23550.9,3.19,5.0,0.0,0.0,764.57,66857,0.0,0.0,0.0,60157,120.3,57.9,63.3,27.69,True,False,False,False,NONE,IDLE,SITE_QUARRY_NORTH,41.522969,-88.081529
2026-01-01 01:55:00,EXC002,OP1004,323,10362.84,710.0,14.0,84.4,2.81,91.9,253.5,149750.3,3.69,5.0,0.0,0.0,4145.65,362694,0.0,0.0,0.0,326416,111.1,64.1,61.0,27.69,True,False,False,False,NONE,IDLE,SITE_METRO_EXPANSION,41.879535,-87.629475
2026-01-01 01:55:00,EXC004,OP1006,323,4838.43,730.0,13.5,82.1,3.06,91.2,299.4,69923.7,3.91,5.0,0.0,0.0,1935.42,169355,0.0,0.0,0.0,152405,112.7,59.2,61.7,27.81,True,False,False,False,NONE,IDLE,SITE_QUARRY_NORTH,41.523728,-88.080738
2026-01-01 01:55:00,EXC005,OP1008,320 GC,6864.05,728.0,18.0,84.4,3.06,93.4,295.9,84605.2,3.3,5.0,0.0,0.0,2746.44,240235,0.0,0.0,0.0,216202,112.9,63.5,61.3,27.81,True,False,False,False,NONE,IDLE,SITE_METRO_EXPANSION,41.877,-87.629173
2026-01-01 01:55:00,EXC007,OP1010,336,9415.8,720.0,13.6,81.9,2.7,88.3,321.4,192093.6,5.33,5.0,0.0,0.0,3766.36,329558,0.0,0.0,0.0,296594,125.1,61.5,62.0,27.87,True,False,False,False,NONE,IDLE,SITE_QUARRY_NORTH,41.5236,-88.080632
2026-01-01 01:55:00,EXC008,OP1012,320 GC,8906.34,736.0,10.6,83.7,3.02,89.6,340.0,109778.3,3.36,5.0,0.0,0.0,3563.41,311712,0.0,0.0,0.0,280534,124.5,58.7,61.0,27.92,True,False,False,False,NONE,IDLE,SITE_HIGHWAY_CORRIDOR,41.333434,-88.839449
2026-01-01 01:55:00,EXC009,OP1014,336,1609.34,707.0,13.2,79.9,3.03,86.6,354.9,32841.0,5.37,5.0,0.0,0.0,644.34,56331,0.0,0.0,0.0,50679,120.8,57.3,62.1,27.53,True,False,False,False,NONE,IDLE,SITE_QUARRY_NORTH,41.522413,-88.081486
2026-01-01 01:55:00,LOD001,OP1001,950 GC,9011.51,753.0,14.0,82.1,3.22,90.0,237.7,118732.1,3.41,5.0,0.0,0.0,19829.12,315402,0.0,0.0,0.0,283848,115.6,60.6,60.4,27.83,True,False,False,False,NONE,IDLE,SITE_HIGHWAY_CORRIDOR,41.330323,-88.83919
2026-01-01 01:55:00,LOD002,OP1003,966,7393.11,1998.0,73.8,91.2,4.35,104.7,267.2,138260.3,20.47,0.0,5.0,0.3,16264.5,258755,52.0,19.0,9.01,232877,302.0,69.1,63.5,28.59,True,False,False,False,NONE,OPERATING,SITE_HIGHWAY_CORRIDOR,41.333298,-88.84038
2026-01-01 01:55:00,LOD003,OP1005,950 GC,10839.02,700.0,15.6,86.7,2.75,95.1,315.2,142810.8,3.71,5.0,0.0,0.0,23845.47,379363,0.0,0.0,0.0,341418,126.9,62.8,62.9,27.97,True,False,False,False,NONE,IDLE,SITE_METRO_EXPANSION,41.878485,-87.629116
2026-01-01 02:00:00,EXC001,OP1002,320 GC,1910.33,698.0,9.9,80.1,3.08,89.0,301.0,23551.1,3.16,5.0,0.0,0.0,764.57,66857,0.0,0.0,0.0,60157,116.2,56.6,61.5,27.83,True,False,False,False,NONE,IDLE,SITE_QUARRY_NORTH,41.523743,-88.082509
2026-01-01 02:00:00,EXC002,OP1004,323,10362.84,708.0,14.4,84.0,2.98,91.5,253.2,149750.6,3.77,5.0,0.0,0.0,4145.65,362694,0.0,0.0,0.0,326416,108.5,60.5,61.6,27.8,True,False,False,False,NONE,IDLE,SITE_METRO_EXPANSION,41.877066,-87.630953
2026-01-01 02:00:00,EXC004,OP1006,323,4838.43,718.0,11.7,82.0,3.01,90.0,299.1,69924.1,3.76,5.0,0.0,0.0,1935.42,169355,0.0,0.0,0.0,152405,111.7,57.9,62.5,27.74,True,False,False,False,NONE,IDLE,SITE_QUARRY_NORTH,41.524361,-88.080309
2026-01-01 02:00:00,EXC005,OP1008,320 GC,6864.05,694.0,9.6,82.7,2.92,91.1,295.6,84605.5,3.33,5.0,0.0,0.0,2746.44,240235,0.0,0.0,0.0,216202,116.3,60.5,62.4,28.05,True,False,False,False,NONE,IDLE,SITE_METRO_EXPANSION,41.878872,-87.63075
2026-01-01 02:00:00,EXC007,OP1010,336,9415.88,1944.0,74.6,90.7,4.17,105.3,319.4,192095.6,23.96,0.0,5.0,1.6,3766.49,329561,42.9,22.4,6.33,296595,288.5,70.5,66.5,27.96,True,False,False,False,NONE,OPERATING,SITE_QUARRY_NORTH,41.523525,-88.081081
2026-01-01 02:00:00,EXC008,OP1012,320 GC,8906.34,690.0,17.7,85.0,2.83,91.8,339.7,109778.5,3.07,5.0,0.0,0.0,3563.41,311712,0.0,0.0,0.0,280534,120.9,64.1,60.4,27.71,True,False,False,False,NONE,IDLE,SITE_HIGHWAY_CORRIDOR,41.333784,-88.840974
2026-01-01 02:00:00,EXC009,OP1014,336,1609.34,691.0,14.3,81.2,2.95,88.9,354.4,32841.4,5.37,5.0,0.0,0.0,644.34,56331,0.0,0.0,0.0,50679,124.6,55.5,61.3,27.74,True,False,False,False,NONE,IDLE,SITE_QUARRY_NORTH,41.523686,-88.080756
2026-01-01 02:00:00,LOD001,OP1001,950 GC,9011.51,731.0,12.4,83.6,2.74,90.7,237.4,118732.4,3.63,5.0,0.0,0.0,19829.12,315402,0.0,0.0,0.0,283848,122.0,63.1,61.8,27.71,True,False,False,False,NONE,IDLE,SITE_HIGHWAY_CORRIDOR,41.334378,-88.840293
2026-01-01 02:00:00,LOD002,OP1003,966,7393.19,2086.0,88.1,92.6,4.45,107.5,265.2,138262.4,24.71,0.0,5.0,1.2,16264.6,258758,43.6,15.7,6.58,232878,305.2,74.7,63.8,28.08,True,False,False,False,NONE,LOADING,SITE_HIGHWAY_CORRIDOR,41.332211,-88.84158
2026-01-01 02:00:00,LOD003,OP1005,950 GC,10839.1,2061.0,93.7,93.9,4.55,108.3,313.7,142812.4,18.26,0.0,5.0,0.3,23845.5,379367,42.9,16.5,5.68,341419,320.2,73.8,60.6,28.32,True,False,False,False,NONE,LOADING,SITE_METRO_EXPANSION,41.878652,-87.629351
2026-01-01 02:05:00,EXC001,OP1002,320 GC,1910.33,772.0,14.0,82.0,3.13,89.5,300.7,23551.4,3.22,5.0,0.0,0.0,764.57,66857,0.0,0.0,0.0,60157,119.8,56.8,61.1,28.01,True,False,False,False,NONE,IDLE,SITE_QUARRY_NORTH,41.523799,-88.080372
2026-01-01 02:05:00,EXC002,OP1004,323,10362.84,719.0,15.4,84.8,3.03,93.0,252.9,149750.9,3.81,5.0,0.0,0.0,4145.65,362694,0.0,0.0,0.0,326416,122.0,62.1,63.7,27.65,True,False,False,False,NONE,IDLE,SITE_METRO_EXPANSION,41.875827,-87.629419
2026-01-01 02:05:00,EXC004,OP1006,323,4838.43,685.0,11.4,80.6,2.9,86.2,298.8,69924.4,3.74,5.0,0.0,0.0,1935.42,169355,0.0,0.0,0.0,152405,116.7,58.6,59.8,27.88,True,False,False,False,NONE,IDLE,SITE_QUARRY_NORTH,41.522668,-88.080818
2026-01-01 02:05:00,EXC005,OP1008,320 GC,6864.13,2009.0,89.5,92.1,4.43,106.4,294.3,84606.9,16.53,0.0,5.0,1.3,2746.55,240237,37.4,20.2,3.89,216202,319.8,73.4,65.4,27.98,True,False,False,False,NONE,OPERATING,SITE_METRO_EXPANSION,41.877741,-87.63125
2026-01-01 02:05:00,EXC007,OP1010,336,9415.88,737.0,18.1,83.4,2.89,89.3,318.9,192096.1,5.55,5.0,0.0,0.0,3766.49,329561,0.0,0.0,0.0,296595,118.7,61.1,63.8,27.91,True,False,False,False,NONE,IDLE,SITE_QUARRY_NORTH,41.521803,-88.081901
2026-01-01 02:05:00,EXC008,OP1012,320 GC,8906.34,740.0,12.7,84.3,2.88,93.0,339.5,109778.8,3.28,5.0,0.0,0.0,3563.41,311712,0.0,0.0,0.0,280534,124.5,62.9,67.0,27.65,True,False,False,False,NONE,IDLE,SITE_HIGHWAY_CORRIDOR,41.332526,-88.841643
2026-01-01 02:05:00,EXC009,OP1014,336,1609.34,744.0,13.3,81.5,3.09,86.9,354.0,32841.9,5.29,5.0,0.0,0.0,644.34,56331,0.0,0.0,0.0,50679,125.8,58.3,61.9,28.07,True,False,False,False,NONE,IDLE,SITE_QUARRY_NORTH,41.521895,-88.083449
2026-01-01 02:05:00,LOD001,OP1001,950 GC,9011.59,1839.0,66.5,90.0,4.13,102.8,236.3,118733.5,13.13,0.0,5.0,1.2,19829.22,315404,40.4,10.1,5.36,283849,296.7,69.2,63.6,28.12,True,False,False,False,NONE,OPERATING,SITE_HIGHWAY_CORRIDOR,41.333753,-88.841223
2026-01-01 02:05:00,LOD002,OP1003,966,7393.19,715.0,15.3,84.8,2.96,91.7,264.8,138262.8,5.14,5.0,0.0,0.0,16264.6,258758,0.0,0.0,0.0,232878,124.8,63.1,62.5,27.77,True,False,False,False,NONE,IDLE,SITE_HIGHWAY_CORRIDOR,41.331564,-88.839524
2026-01-01 02:05:00,LOD003,OP1005,950 GC,10839.1,710.0,16.4,84.2,2.85,91.2,313.4,142812.7,3.5,5.0,0.0,0.0,23845.5,379367,0.0,0.0,0.0,341419,114.1,62.7,63.6,28.33,True,False,False,False,NONE,IDLE,SITE_METRO_EXPANSION,41.878955,-87.62943
2026-01-01 02:10:00,EXC001,OP1002,320 GC,1910.33,714.0,14.9,79.5,2.87,86.7,300.5,23551.7,3.29,5.0,0.0,0.0,764.57,66857,0.0,0.0,0.0,60157,114.0,58.3,63.1,27.72,True,False,False,False,NONE,IDLE,SITE_QUARRY_NORTH,41.519443,-88.082815
2026-01-01 02:10:00,EXC002,OP1004,323,10362.84,746.0,15.6,84.0,3.01,91.1,252.6,149751.3,4.05,5.0,0.0,0.0,4145.65,362694,0.0,0.0,0.0,326416,123.2,63.2,61.5,28.15,True,False,False,False,NONE,IDLE,SITE_METRO_EXPANSION,41.878858,-87.629119
2026-01-01 02:10:00,EXC004,OP1006,323,4838.43,718.0,13.3,81.2,2.89,88.0,298.5,69924.7,3.86,5.0,0.0,0.0,1935.42,169355,0.0,0.0,0.0,152405,118.8,56.8,60.1,28.03,True,False,False,False,NONE,IDLE,SITE_QUARRY_NORTH,41.523113,-88.083545
2026-01-01 02:10:00,EXC005,OP1008,320 GC,6864.22,1787.0,59.6,88.6,4.08,101.4,293.2,84607.9,12.31,0.0,5.0,3.6,2746.85,240237,0.0,0.0,0.0,216202,161.1,69.5,76.2,27.66,True,False,False,False,NONE,TRAVELLING,SITE_METRO_EXPANSION,41.878235,-87.632163
2026-01-01 02:10:00,EXC007,OP1010,336,9415.88,783.0,11.6,82.4,2.86,89.9,318.4,192096.5,5.39,5.0,0.0,0.0,3766.49,329561,0.0,0.0,0.0,296595,122.4,60.3,61.8,28.26,True,False,False,False,NONE,IDLE,SITE_QUARRY_NORTH,41.521765,-88.080597
2026-01-01 02:10:00,EXC008,OP1012,320 GC,8906.34,709.0,14.9,85.4,2.76,94.4,339.2,109779.1,3.39,5.0,0.0,0.0,3563.41,311712,0.0,0.0,0.0,280534,121.9,63.2,64.1,27.99,True,False,False,False,NONE,IDLE,SITE_HIGHWAY_CORRIDOR,41.33379,-88.84417
2026-01-01 02:10:00,EXC009,OP1014,336,1609.34,714.0,13.2,80.1,3.05,88.5,353.6,32842.3,5.23,5.0,0.0,0.0,644.34,56331,0.0,0.0,0.0,50679,112.6,56.4,62.3,27.75,True,False,False,False,NONE,IDLE,SITE_QUARRY_NORTH,41.523755,-88.078795
2026-01-01 02:10:00,LOD001,OP1001,950 GC,9011.59,711.0,12.4,83.9,2.8,90.4,236.0,118733.8,3.51,5.0,0.0,0.0,19829.22,315404,0.0,0.0,0.0,283849,116.7,64.7,63.2,28.32,True,False,False,False,NONE,IDLE,SITE_HIGHWAY_CORRIDOR,41.331651,-88.842243
2026-01-01 02:10:00,LOD002,OP1003,966,7393.19,741.0,13.2,84.6,2.99,91.0,264.3,138263.2,4.88,5.0,0.0,0.0,16264.6,258758,0.0,0.0,0.0,232878,131.5,61.8,61.2,27.57,True,False,False,False,NONE,IDLE,SITE_HIGHWAY_CORRIDOR,41.330397,-88.840354
2026-01-01 02:10:00,LOD003,OP1005,950 GC,10839.1,715.0,14.0,84.6,3.06,91.6,313.1,142813.0,3.63,5.0,0.0,0.0,23845.5,379367,0.0,0.0,0.0,341419,126.4,61.7,61.6,27.91,True,False,False,False,NONE,IDLE,SITE_METRO_EXPANSION,41.879673,-87.628582
2026-01-01 02:15:00,EXC001,OP1002,320 GC,1910.42,2093.0,85.0,90.7,4.51,104.2,299.2,23552.9,15.16,0.0,5.0,1.5,764.69,66859,36.4,10.5,6.16,60158,317.3,68.1,69.7,27.79,True,False,False,False,NONE,LOADING,SITE_QUARRY_NORTH,41.524878,-88.082543
2026-01-01 02:15:00,EXC002,OP1004,323,10362.84,723.0,14.6,83.9,2.92,90.2,252.2,149751.6,3.87,5.0,0.0,0.0,4145.65,362694,0.0,0.0,0.0,326416,131.9,61.2,61.1,27.89,True,False,False,False,NONE,IDLE,SITE_METRO_EXPANSION,41.877825,-87.628671
2026-01-01 02:15:00,EXC004,OP1006,323,4838.43,713.0,14.4,82.4,2.97,89.6,298.1,69925.0,3.77,5.0,0.0,0.0,1935.42,169355,0.0,0.0,0.0,152405,120.4,57.6,60.7,27.84,True,False,False,False,NONE,IDLE,SITE_QUARRY_NORTH,41.523191,-88.083111
2026-01-01 02:15:00,EXC005,OP1008,320 GC,6864.3,1819.0,55.7,89.5,4.08,100.3,292.2,84608.9,12.12,0.0,5.0,4.7,2747.24,240237,0.0,12.8,0.0,216202,166.0,66.6,81.9,28.17,True,False,False,False,NONE,TRAVELLING,SITE_METRO_EXPANSION,41.875772,-87.629065
2026-01-01 02:15:00,EXC007,OP1010,336,9415.88,746.0,12.5,83.1,2.87,89.8,318.0,192097.0,5.34,5.0,0.0,0.0,3766.49,329561,0.0,0.0,0.0,296595,119.2,61.7,60.3,28.15,True,False,False,False,NONE,IDLE,SITE_QUARRY_NORTH,41.52272,-88.082822
2026-01-01 02:15:00,EXC008,OP1012,320 GC,8906.34,704.0,14.4,84.1,2.9,91.9,338.9,109779.4,3.23,5.0,0.0,0.0,3563.41,311712,0.0,0.0,0.0,280534,127.4,61.6,60.4,27.79,True,False,False,False,NONE,IDLE,SITE_HIGHWAY_CORRIDOR,41.333271,-88.841952
2026-01-01 02:15:00,EXC009,OP1014,336,1609.34,720.0,13.8,80.3,3.02,86.7,353.1,32842.8,5.21,5.0,0.0,0.0,644.34,56331,0.0,0.0,0.0,50679,125.4,56.8,61.9,27.56,True,False,False,False,NONE,IDLE,SITE_QUARRY_NORTH,41.523903,-88.080864
2026-01-01 02:15:00,LOD001,OP1001,950 GC,9011.67,2101.0,88.5,92.4,4.61,106.8,234.7,118735.2,16.46,0.0,5.0,1.8,19829.37,315407,38.8,12.3,5.09,283850,313.0,73.7,63.5,28.19,True,False,False,False,NONE,LOADING,SITE_HIGHWAY_CORRIDOR,41.334276,-88.840521
2026-01-01 02:15:00,LOD002,OP1003,966,7393.19,733.0,10.8,83.9,3.05,91.9,264.0,138263.6,4.77,5.0,0.0,0.0,16264.6,258758,0.0,0.0,0.0,232878,120.8,61.2,63.7,28.47,True,False,False,False,NONE,IDLE,SITE_HIGHWAY_CORRIDOR,41.330209,-88.839936
2026-01-01 02:15:00,LOD003,OP1005,950 GC,10839.1,708.0,15.9,85.6,2.65,91.7,312.8,142813.3,3.49,5.0,0.0,0.0,23845.5,379367,0.0,0.0,0.0,341419,120.6,62.5,62.8,27.58,True,False,False,False,NONE,IDLE,SITE_METRO_EXPANSION,41.880033,-87.629501
2026-01-01 02:20:00,EXC001,OP1002,320 GC,1910.5,1913.0,76.9,88.6,4.44,101.3,298.0,23554.1,14.38,0.0,5.0,1.4,764.81,66862,35.1,13.9,3.23,60159,304.7,67.3,68.3,27.97,True,False,False,False,NONE,OPERATING,SITE_QUARRY_NORTH,41.522096,-88.083548
2026-01-01 02:20:00,EXC002,OP1004,323,10362.84,694.0,12.1,83.4,2.89,91.2,251.9,149751.9,3.84,5.0,0.0,0.0,4145.65,362694,0.0,0.0,0.0,326416,119.2,61.5,62.6,27.93,True,False,False,False,NONE,IDLE,SITE_METRO_EXPANSION,41.879728,-87.630244
2026-01-01 02:20:00,EXC004,OP1006,323,4838.43,750.0,13.1,82.5,2.91,91.4,297.8,69925.3,3.91,5.0,0.0,0.0,1935.42,169355,0.0,0.0,0.0,152405,119.3,57.6,65.4,27.75,True,False,False,False,NONE,IDLE,SITE_QUARRY_NORTH,41.521821,-88.081205
2026-01-01 02:20:00,EXC005,OP1008,320 GC,6864.3,719.0,12.7,82.7,2.9,92.8,291.9,84609.2,3.31,5.0,0.0,0.0,2747.24,240237,0.0,0.0,0.0,216202,117.3,59.2,63.3,27.87,True,False,False,False,NONE,IDLE,SITE_METRO_EXPANSION,41.877382,-87.628898
2026-01-01 02:20:00,EXC007,OP1010,336,9415.88,750.0,13.8,82.8,3.01,89.0,317.5,192097.4,5.77,5.0,0.0,0.0,3766.49,329561,0.0,0.0,0.0,296595,123.8,60.2,63.5,27.82,True,False,False,False,NONE,IDLE,SITE_QUARRY_NORTH,41.522792,-88.084288
2026-01-01 02:20:00,EXC008,OP1012,320 GC,8906.34,730.0,12.4,83.5,2.88,89.3,338.6,109779.6,3.45,5.0,0.0,0.0,3563.41,311712,0.0,0.0,0.0,280534,117.0,61.1,61.7,28.28,True,False,False,False,NONE,IDLE,SITE_HIGHWAY_CORRIDOR,41.33181,-88.84158
2026-01-01 02:20:00,EXC009,OP1014,336,1609.42,1880.0,64.0,86.0,4.39,98.8,351.3,32844.5,21.42,0.0,5.0,0.4,644.38,56334,40.0,21.0,7.31,50679,291.9,64.9,64.7,27.87,True,False,False,False,NONE,OPERATING,SITE_QUARRY_NORTH,41.522281,-88.080348
2026-01-01 02:20:00,LOD001,OP1001,950 GC,9011.76,2095.0,88.2,93.3,4.33,108.0,233.4,118736.4,15.04,0.0,5.0,0.3,19829.39,315409,35.8,11.9,3.27,283851,314.1,73.9,60.8,28.12,True,False,False,False,NONE,LOADING,SITE_HIGHWAY_CORRIDOR,41.333422,-88.841206
2026-01-01 02:20:00,LOD002,OP1003,966,7393.27,1978.0,74.3,90.8,4.39,104.9,262.2,138265.4,21.59,0.0,5.0,1.6,16264.73,258759,47.0,16.5,6.24,232878,293.9,72.0,63.8,28.1,True,False,False,False,NONE,OPERATING,SITE_HIGHWAY_CORRIDOR,41.332239,-88.842587
2026-01-01 02:20:00,LOD003,OP1005,950 GC,10839.1,705.0,14.7,84.7,2.81,93.2,312.5,142813.5,3.38,5.0,0.0,0.0,23845.5,379367,0.0,0.0,0.0,341419,115.0,62.5,62.4,28.0,True,False,False,False,NONE,IDLE,SITE_METRO_EXPANSION,41.878425,-87.629089
2026-01-01 02:25:00,EXC001,OP1002,320 GC,1910.5,702.0,13.0,81.0,2.94,88.4,297.7,23554.4,3.19,5.0,0.0,0.0,764.81,66862,0.0,0.0,0.0,60159,123.6,57.4,61.8,27.74,True,False,False,False,NONE,IDLE,SITE_QUARRY_NORTH,41.523226,-88.084172
2026-01-01 02:25:00,EXC002,OP1004,323,10362.84,702.0,18.0,84.7,2.83,90.9,251.6,149752.2,3.56,5.0,0.0,0.0,4145.65,362694,0.0,0.0,0.0,326416,119.6,64.0,62.8,28.25,True,False,False,False,NONE,IDLE,SITE_METRO_EXPANSION,41.879027,-87.629698
2026-01-01 02:25:00,EXC004,OP1006,323,4838.43,709.0,16.1,82.1,2.93,90.2,297.5,69925.6,3.79,5.0,0.0,0.0,1935.42,169355,0.0,0.0,0.0,152405,117.6,61.2,61.9,27.82,True,False,False,False,NONE,IDLE,SITE_QUARRY_NORTH,41.522501,-88.082127
2026-01-01 02:25:00,EXC005,OP1008,320 GC,6864.3,731.0,17.3,84.6,2.97,91.8,291.7,84609.5,3.24,5.0,0.0,0.0,2747.24,240237,0.0,0.0,0.0,216202,120.9,61.3,60.6,28.12,True,False,False,False,NONE,IDLE,SITE_METRO_EXPANSION,41.879366,-87.629202
2026-01-01 02:25:00,EXC007,OP1010,336,9415.88,740.0,16.8,82.8,2.87,88.9,317.1,192097.9,5.45,5.0,0.0,0.0,3766.49,329561,0.0,0.0,0.0,296595,122.7,62.3,61.6,27.87,True,False,False,False,NONE,IDLE,SITE_QUARRY_NORTH,41.525661,-88.078763
2026-01-01 02:25:00,EXC008,OP1012,320 GC,8906.34,694.0,12.1,83.9,2.92,93.0,338.3,109779.9,3.37,5.0,0.0,0.0,3563.41,311712,0.0,0.0,0.0,280534,121.4,62.3,63.0,27.95,True,False,False,False,NONE,IDLE,SITE_HIGHWAY_CORRIDOR,41.33268,-88.842812
2026-01-01 02:25:00,EXC009,OP1014,336,1609.51,1934.0,76.4,88.7,4.58,102.7,349.2,32846.7,25.47,0.0,5.0,0.5,644.42,56337,37.0,22.1,6.31,50680,303.4,66.4,66.9,27.75,True,False,False,False,NONE,OPERATING,SITE_QUARRY_NORTH,41.524849,-88.082318
2026-01-01 02:25:00,LOD001,OP1001,950 GC,9011.76,723.0,14.8,83.7,2.84,93.0,233.1,118736.7,3.48,5.0,0.0,0.0,19829.39,315409,0.0,0.0,0.0,283851,128.7,62.9,61.6,27.5,True,False,False,False,NONE,IDLE,SITE_HIGHWAY_CORRIDOR,41.332445,-88.841524
2026-01-01 02:25:00,LOD002,OP1003,966,7393.27,718.0,14.3,84.2,2.98,91.1,261.7,138265.8,4.94,5.0,0.0,0.0,16264.73,258759,0.0,0.0,0.0,232878,115.5,62.0,63.9,27.65,True,False,False,False,NONE,IDLE,SITE_HIGHWAY_CORRIDOR,41.333932,-88.842529
2026-01-01 02:25:00,LOD003,OP1005,950 GC,10839.1,718.0,16.0,84.8,2.83,92.6,312.2,142813.8,3.55,5.0,0.0,0.0,23845.5,379367,0.0,0.0,0.0,341419,124.6,62.0,60.3,28.41,True,False,False,False,NONE,IDLE,SITE_METRO_EXPANSION,41.878143,-87.630657
